cas,smiles
50-00-0,O=C
50-67-9,OC=1C=CC=2NC=C(C2C1)CCN
50-70-4,OCC(O)C(O)C(O)C(O)CO
50-78-2,O=C(O)C=1C=CC=CC1OC(=O)C
50-81-7,O=C1OC(C(O)=C1O)C(O)CO
50-99-7,O=CC(O)C(O)C(O)C(O)CO
51-17-2,N1=CNC=2C=CC=CC12
51-35-4,O=C(O)C1NCC(O)C1
51-79-6,O=C(OCC)N
55-21-0,O=C(N)C=1C=CC=CC1
56-12-2,O=C(O)CCCN
56-23-5,ClC(Cl)(Cl)Cl
56-24-6,C[Sn+](C)C.[OH-]
56-37-1,[Cl-].C=1C=CC(=CC1)C[N+](CC)(CC)CC
56-40-6,O=C(O)CN
56-41-7,O=C(O)C(N)C
56-45-1,O=C(O)C(N)CO
56-54-2,OC(C=1C=CN=C2C=CC(OC)=CC21)C3N4CCC(C3)C(C=C)C4
56-84-8,O=C(O)CC(N)C(=O)O
57-10-3,O=C(O)CCCCCCCCCCCCCCC
57-11-4,O=C(O)CCCCCCCCCCCCCCCCC
57-41-0,O=C1NC(=O)C(N1)(C=2C=CC=CC2)C=3C=CC=CC3
58-85-5,O=C1NC2CSC(CCCCC(=O)O)C2N1
59-31-4,O=C1C=CC=2C=CC=CC2N1
59-48-3,O=C1NC=2C=CC=CC2C1
59-51-8,O=C(O)C(N)CCSC
59-88-1,Cl.NNC=1C=CC=CC1
60-12-8,OCCC=1C=CC=CC1
60-18-4,O=C(O)C(N)CC1=CC=C(O)C=C1
60-29-7,O(CC)CC
60-32-2,O=C(O)CCCCCN
60-35-5,O=C(N)C
61-54-1,NCCC1=CNC=2C=CC=CC21
62-23-7,O=C(O)C1=CC=C(C=C1)N(=O)=O
62-53-3,NC=1C=CC=CC1
62-55-5,S=C(N)C
62-56-6,S=C(N)N
64-04-0,NCCC=1C=CC=CC1
64-17-5,OCC
64-18-6,O=CO
64-19-7,O=C(O)C
64-69-7,O=C(O)CI
65-85-0,O=C(O)C=1C=CC=CC1
66-71-7,N=1C=CC=C2C=CC=3C=CC=NC3C12
66-77-3,O=CC1=CC=CC=2C=CC=CC12
66-99-9,O=CC=1C=CC=2C=CC=CC2C1
67-56-1,OC
67-63-0,OC(C)C
67-64-1,O=C(C)C
67-66-3,ClC(Cl)Cl
67-68-5,O=S(C)C
68-12-2,O=CN(C)C
69-72-7,O=C(O)C=1C=CC=CC1O
70-55-3,O=S(=O)(N)C1=CC=C(C=C1)C
70-78-0,O=C(O)C(N)CC1=CC=C(O)C(I)=C1
71-00-1,O=C(O)C(N)CC1=CN=CN1
71-30-7,O=C1N=CC=C(N)N1
71-36-3,OCCCC
71-43-2,C=1C=CC=CC1
71-48-7,CC(=O)[O-].CC(=O)[O-].[Co+2]
72-18-4,O=C(O)C(N)C(C)C
72-19-5,O=C(O)C(N)C(O)C
73-22-3,O=C(O)C(N)CC1=CNC=2C=CC=CC21
73-32-5,O=C(O)C(N)C(C)CC
74-11-3,O=C(O)C1=CC=C(Cl)C=C1
74-79-3,O=C(O)C(N)CCCNC(=N)N
74-88-4,IC
74-95-3,BrCBr
74-96-4,BrCC
75-03-6,ICC
75-05-8,N#CC
75-07-0,O=CC
75-09-2,ClCCl
75-11-6,ICI
75-12-7,O=CN
75-15-0,S=C=S
75-16-1,[CH3-].[Mg+2].[Br-]
75-18-3,S(C)C
75-24-1,C[Al](C)C
75-26-3,BrC(C)C
75-29-6,ClC(C)C
75-30-9,IC(C)C
75-31-0,NC(C)C
75-36-5,O=C(Cl)C
75-50-3,N(C)(C)C
75-52-5,O=N(=O)C
75-59-2,[OH-].C[N+](C)(C)C
75-64-9,NC(C)(C)C
75-65-0,OC(C)(C)C
75-75-2,O=S(=O)(O)C
75-76-3,C[Si](C)(C)C
75-77-4,Cl[Si](C)(C)C
75-89-8,FC(F)(F)CO
75-91-2,OOC(C)(C)C
75-97-8,O=C(C)C(C)(C)C
75-98-9,O=C(O)C(C)(C)C
76-05-1,O=C(O)C(F)(F)F
76-09-5,OC(C)(C)C(O)(C)C
76-60-8,O=S1(=O)OC(C=2C=CC=CC21)(C3=CC(Br)=C(O)C(Br)=C3C)C4=CC(Br)=C(O)C(Br)=C4C
76-67-5,O=C(OCC)C(C(=O)OCC)(C=1C=CC=CC1)CC
77-09-8,O=C1OC(C2=CC=C(O)C=C2)(C3=CC=C(O)C=C3)C=4C=CC=CC14
77-47-4,ClC=1C(Cl)=C(Cl)C(Cl)(Cl)C1Cl
77-48-5,O=C1N(Br)C(=O)C(N1Br)(C)C
77-71-4,O=C1NC(=O)C(N1)(C)C
77-73-6,C1=CC2C3C=CC(C3)C2C1
77-76-9,O(C)C(OC)(C)C
77-78-1,O=S(=O)(OC)OC
77-79-2,O=S1(=O)CC=CC1
77-92-9,O=C(O)CC(O)(C(=O)O)CC(=O)O
78-10-4,O(CC)[Si](OCC)(OCC)OCC
78-39-7,O(CC)C(OCC)(OCC)C
78-67-1,N#CC(N=NC(C#N)(C)C)(C)C
78-77-3,BrCC(C)C
78-83-1,OCC(C)C
78-93-3,O=C(C)CC
78-94-4,O=C(C=C)C
79-04-9,O=C(Cl)CCl
79-05-0,O=C(N)CC
79-06-1,O=C(N)C=C
79-07-2,O=C(N)CCl
79-08-3,O=C(O)CBr
79-09-4,O=C(O)CC
79-11-8,O=C(O)CCl
79-15-2,O=C(NBr)C
79-20-9,O=C(OC)C
79-22-1,O=C(Cl)OC
79-33-4,O=C(O)C(O)C
79-34-5,ClC(Cl)C(Cl)Cl
79-37-8,O=C(Cl)C(=O)Cl
79-41-4,O=C(O)C(=C)C
79-46-9,O=N(=O)C(C)C
79-55-0,N1(C)C(C)(C)CCCC1(C)C
80-15-9,OOC(C=1C=CC=CC1)(C)C
80-62-6,O=C(OC)C(=C)C
80-70-6,N=C(N(C)C)N(C)C
81-07-2,O=C1NS(=O)(=O)C=2C=CC=CC12
81-83-4,O=C1NC(=O)C2=CC=CC3=CC=CC1=C32
81-84-5,O=C1OC(=O)C2=CC=CC3=CC=CC1=C32
81-88-9,[Cl-].O=C(O)C=1C=CC=CC1C=2C=3C=CC(=CC3[O+]=C4C=C(C=CC42)N(CC)CC)N(CC)CC
82-46-2,O=C1C=2C=CC=C(Cl)C2C(=O)C=3C=CC=C(Cl)C13
83-12-5,O=C1C=2C=CC=CC2C(=O)C1C=3C=CC=CC3
83-33-0,O=C1C=2C=CC=CC2CC1
84-58-2,N#CC=1C(=O)C(Cl)=C(Cl)C(=O)C1C#N
84-65-1,O=C1C=2C=CC=CC2C(=O)C=3C=CC=CC13
85-01-8,C=1C=CC2=C(C1)C=CC=3C=CC=CC32
85-41-6,O=C1NC(=O)C=2C=CC=CC12
86-73-7,C=1C=CC2=C(C1)C=3C=CC=CC3C2
86-81-7,O=CC1=CC(OC)=C(OC)C(OC)=C1
86-87-3,O=C(O)CC1=CC=CC=2C=CC=CC21
86-97-5,OC=1C=CC=2C(N)=CC=CC2C1
87-48-9,O=C1NC2=CC=C(Br)C=C2C1=O
87-51-4,O=C(O)CC1=CNC=2C=CC=CC21
87-62-7,NC=1C(=CC=CC1C)C
87-65-0,ClC1=CC=CC(Cl)=C1O
87-85-4,C=1(C(=C(C(=C(C1C)C)C)C)C)C
87-89-8,OC1C(O)C(O)C(O)C(O)C1O
87-90-1,O=C1N(Cl)C(=O)N(Cl)C(=O)N1Cl
87-91-2,O=C(OCC)C(O)C(O)C(=O)OCC
88-05-1,NC=1C(=CC(=CC1C)C)C
88-14-2,O=C(O)C=1OC=CC1
88-15-3,O=C(C=1SC=CC1)C
88-18-6,OC=1C=CC=CC1C(C)(C)C
88-43-7,O=S(=O)(O)C1=CC(N)=CC=C1Cl
88-65-3,O=C(O)C=1C=CC=CC1Br
88-67-5,O=C(O)C=1C=CC=CC1I
88-74-4,O=N(=O)C=1C=CC=CC1N
89-64-5,O=N(=O)C1=CC(Cl)=CC=C1O
89-92-9,BrCC=1C=CC=CC1C
89-98-5,O=CC=1C=CC=CC1Cl
90-02-8,O=CC=1C=CC=CC1O
90-04-0,O(C=1C=CC=CC1N)C
90-05-1,OC=1C=CC=CC1OC
90-11-9,BrC1=CC=CC=2C=CC=CC12
90-15-3,OC1=CC=CC=2C=CC=CC12
90-41-5,NC=1C=CC=CC1C=2C=CC=CC2
90-59-5,O=CC=1C=C(Br)C=C(Br)C1O
90-60-8,O=CC=1C=C(Cl)C=C(Cl)C1O
90-99-3,ClC(C=1C=CC=CC1)C=2C=CC=CC2
91-04-3,OC=1C(=CC(=CC1CO)C)CO
91-10-1,OC=1C(OC)=CC=CC1OC
91-13-4,BrCC=1C=CC=CC1CBr
91-16-7,O(C=1C=CC=CC1OC)C
91-55-4,C=1C=CC2=C(C1)NC(=C2C)C
91-56-5,O=C1NC=2C=CC=CC2C1=O
92-44-4,OC1=CC=2C=CC=CC2C=C1O
92-70-6,O=C(O)C1=CC=2C=CC=CC2C=C1O
92-82-0,N=1C2=CC=CC=C2N=C3C=CC=CC13
92-84-2,S1C=2C=CC=CC2NC=3C=CC=CC13
92-91-1,O=C(C=1C=CC(=CC1)C=2C=CC=CC2)C
93-04-9,O(C=1C=CC=2C=CC=CC2C1)C
93-08-3,O=C(C=1C=CC=2C=CC=CC2C1)C
93-09-4,O=C(O)C=1C=CC=2C=CC=CC2C1
93-11-8,O=S(=O)(Cl)C=1C=CC=2C=CC=CC2C1
93-53-8,O=CC(C=1C=CC=CC1)C
93-55-0,O=C(C=1C=CC=CC1)CC
93-91-4,O=C(C=1C=CC=CC1)CC(=O)C
94-02-0,O=C(OCC)CC(=O)C=1C=CC=CC1
94-36-0,O=C(OOC(=O)C=1C=CC=CC1)C=2C=CC=CC2
94-41-7,O=C(C=CC=1C=CC=CC1)C=2C=CC=CC2
95-01-2,O=CC1=CC=C(O)C=C1O
95-10-3,C1C2CC(C1C=C2)CN
95-13-6,C=1C=CC2=C(C1)C=CC2
95-14-7,N1=NC=2C=CC=CC2N1
95-16-9,N1=CSC=2C=CC=CC12
95-20-5,C=1C=CC=2NC(=CC2C1)C
95-47-6,C=1C=CC(=C(C1)C)C
95-48-7,OC=1C=CC=CC1C
95-50-1,ClC=1C=CC=CC1Cl
95-53-4,NC=1C=CC=CC1C
95-54-5,NC=1C=CC=CC1N
95-55-6,OC=1C=CC=CC1N
95-57-8,ClC=1C=CC=CC1O
95-64-7,NC1=CC=C(C(=C1)C)C
95-83-0,ClC1=CC=C(N)C(N)=C1
96-09-3,O1CC1C=2C=CC=CC2
96-10-6,CC[Al](CC)Cl
96-26-4,O=C(CO)CO
96-29-7,ON=C(C)CC
96-31-1,O=C(NC)NC
96-32-2,O=C(OC)CBr
96-33-3,O=C(OC)C=C
96-41-3,OC1CCCC1
96-45-7,S=C1NCCN1
96-47-9,O1CCCC1C
96-48-0,O=C1OCCC1
96-54-8,C=1C=CN(C1)C
97-30-3,OCC1OC(OC)C(O)C(O)C1O
97-69-8,O=C(O)C(NC(=O)C)C
97-88-1,O=C(OCCCC)C(=C)C
97-90-5,O=C(OCCOC(=O)C(=C)C)C(=C)C
98-01-1,O=CC=1OC=CC1
98-03-3,O=CC=1SC=CC1
98-06-6,C=1C=CC(=CC1)C(C)(C)C
98-08-8,FC(F)(F)C=1C=CC=CC1
98-09-9,O=S(=O)(Cl)C=1C=CC=CC1
98-29-3,OC1=CC=C(C=C1O)C(C)(C)C
98-31-7,O=S(=O)(Cl)C1=CC=C(Cl)C(Cl)=C1
98-52-2,OC1CCC(CC1)C(C)(C)C
98-54-4,OC1=CC=C(C=C1)C(C)(C)C
98-59-9,O=S(=O)(Cl)C1=CC=C(C=C1)C
98-68-0,O=S(=O)(Cl)C1=CC=C(OC)C=C1
98-73-7,O=C(O)C1=CC=C(C=C1)C(C)(C)C
98-74-8,O=N(=O)C1=CC=C(C=C1)S(=O)(=O)Cl
98-80-6,OB(O)C=1C=CC=CC1
98-82-8,C=1C=CC(=CC1)C(C)C
98-83-9,C=C(C=1C=CC=CC1)C
98-85-1,OC(C=1C=CC=CC1)C
98-86-2,O=C(C=1C=CC=CC1)C
98-88-4,O=C(Cl)C=1C=CC=CC1
98-89-5,O=C(O)C1CCCCC1
98-91-9,O=C(S)C=1C=CC=CC1
98-95-3,O=N(=O)C=1C=CC=CC1
98-98-6,O=C(O)C1=NC=CC=C1
99-03-6,O=C(C=1C=CC=C(N)C1)C
99-04-7,O=C(O)C1=CC=CC(=C1)C
99-06-9,O=C(O)C=1C=CC=C(O)C1
99-31-0,O=C(O)C1=CC(N)=CC(=C1)C(=O)O
99-34-3,O=C(O)C=1C=C(C=C(C1)N(=O)=O)N(=O)=O
99-36-5,O=C(OC)C1=CC=CC(=C1)C
99-51-4,O=N(=O)C1=CC=C(C(=C1)C)C
99-63-8,O=C(Cl)C1=CC=CC(=C1)C(=O)Cl
99-75-2,O=C(OC)C1=CC=C(C=C1)C
99-90-1,O=C(C1=CC=C(Br)C=C1)C
99-91-2,O=C(C1=CC=C(Cl)C=C1)C
99-92-3,O=C(C1=CC=C(N)C=C1)C
99-93-4,O=C(C1=CC=C(O)C=C1)C
99-94-5,O=C(O)C1=CC=C(C=C1)C
99-96-7,O=C(O)C1=CC=C(O)C=C1
100-01-6,O=N(=O)C1=CC=C(N)C=C1
100-06-1,O=C(C1=CC=C(OC)C=C1)C
100-07-2,O=C(Cl)C1=CC=C(OC)C=C1
100-09-4,O=C(O)C1=CC=C(OC)C=C1
100-10-7,O=CC1=CC=C(C=C1)N(C)C
100-13-0,O=N(=O)C1=CC=C(C=C)C=C1
100-17-4,O=N(=O)C1=CC=C(OC)C=C1
100-19-6,O=C(C1=CC=C(C=C1)N(=O)=O)C
100-21-0,O=C(O)C1=CC=C(C=C1)C(=O)O
100-32-3,O=N(=O)C1=CC=C(SSC2=CC=C(C=C2)N(=O)=O)C=C1
100-39-0,BrCC=1C=CC=CC1
100-42-5,C=CC=1C=CC=CC1
100-43-6,N=1C=CC(C=C)=CC1
100-44-7,ClCC=1C=CC=CC1
100-46-9,NCC=1C=CC=CC1
100-47-0,N#CC=1C=CC=CC1
100-51-6,OCC=1C=CC=CC1
100-52-7,O=CC=1C=CC=CC1
100-53-8,SCC=1C=CC=CC1
100-54-9,N#CC=1C=NC=CC1
100-58-3,C1=CC=[C-]C=C1.[Mg+2].[Br-]
100-61-8,C=1C=CC(=CC1)NC
100-63-0,NNC=1C=CC=CC1
100-66-3,O(C=1C=CC=CC1)C
100-68-5,S(C=1C=CC=CC1)C
100-76-5,N12CCC(CC1)CC2
100-83-4,O=CC=1C=CC=C(O)C1
100-84-5,O(C1=CC=CC(=C1)C)C
100-85-6,[OH-].C=1C=CC(=CC1)C[N+](C)(C)C
100-97-0,N12CN3CN(C1)CN(C2)C3
101-41-7,O=C(OC)CC=1C=CC=CC1
101-84-8,O(C=1C=CC=CC1)C=2C=CC=CC2
102-54-5,[CH]=12[CH]3=[CH]4[CH-]5[CH]1[Fe+2]23678945[CH]=%10[CH]9=[CH]8[CH-]7[CH]%106
102-71-6,OCCN(CCO)CCO
103-19-5,S(SC1=CC=C(C=C1)C)C2=CC=C(C=C2)C
103-26-4,O=C(OC)C=CC=1C=CC=CC1
103-30-0,C=1C=CC(=CC1)C=CC=2C=CC=CC2
103-49-1,C=1C=CC(=CC1)CNCC=2C=CC=CC2
103-50-4,O(CC=1C=CC=CC1)CC=2C=CC=CC2
103-63-9,BrCCC=1C=CC=CC1
103-67-3,C=1C=CC(=CC1)CNC
103-71-9,O=C=NC=1C=CC=CC1
103-72-0,S=C=NC=1C=CC=CC1
103-80-0,O=C(Cl)CC=1C=CC=CC1
103-83-3,C=1C=CC(=CC1)CN(C)C
103-84-4,O=C(NC=1C=CC=CC1)C
103-85-5,S=C(N)NC=1C=CC=CC1
103-89-9,O=C(NC1=CC=C(C=C1)C)C
104-01-8,O=C(O)CC1=CC=C(OC)C=C1
104-53-0,O=CCCC=1C=CC=CC1
104-54-1,OCC=CC=1C=CC=CC1
104-81-4,BrCC1=CC=C(C=C1)C
104-85-8,N#CC1=CC=C(C=C1)C
104-87-0,O=CC1=CC=C(C=C1)C
104-94-9,O(C1=CC=C(N)C=C1)C
105-05-5,C=1C=C(C=CC1CC)CC
105-07-7,N#CC1=CC=C(C=O)C=C1
105-34-0,N#CCC(=O)OC
105-36-2,O=C(OCC)CBr
105-45-3,O=C(OC)CC(=O)C
105-50-0,O=C(OCC)CC(=O)CC(=O)OCC
105-53-3,O=C(OCC)CC(=O)OCC
105-59-9,OCCN(C)CCO
106-31-0,O=C(OC(=O)CCC)CCC
106-37-6,BrC1=CC=C(Br)C=C1
106-40-1,BrC1=CC=C(N)C=C1
106-41-2,BrC1=CC=C(O)C=C1
106-42-3,C=1C=C(C=CC1C)C
106-44-5,OC1=CC=C(C=C1)C
106-47-8,ClC1=CC=C(N)C=C1
106-49-0,NC1=CC=C(C=C1)C
106-50-3,NC1=CC=C(N)C=C1
106-51-4,O=C1C=CC(=O)C=C1
106-89-8,ClCC1OC1
106-93-4,BrCCBr
106-95-6,BrCC=C
106-96-7,BrCC#C
106-99-0,C=CC=C
107-06-2,ClCCCl
107-07-3,ClCCO
107-11-9,C=CCN
107-12-0,N#CCC
107-15-3,NCCN
107-18-6,OCC=C
107-19-7,C#CCO
107-21-1,OCCO
107-22-2,O=CC=O
107-29-9,ON=CC
107-30-2,ClCOC
107-88-0,OCCC(O)C
107-92-6,O=C(O)CCC
107-95-9,O=C(O)CCN
107-98-2,OC(C)COC
108-01-0,OCCN(C)C
108-03-2,O=N(=O)CCC
108-05-4,O=C(OC=C)C
108-18-9,N(C(C)C)C(C)C
108-20-3,O(C(C)C)C(C)C
108-24-7,O=C(OC(=O)C)C
108-30-5,O=C1OC(=O)CC1
108-31-6,O=C1OC(=O)C=C1
108-36-1,BrC1=CC=CC(Br)=C1
108-38-3,C=1C=C(C=C(C1)C)C
108-46-3,OC1=CC=CC(O)=C1
108-48-5,N=1C(=CC=CC1C)C
108-55-4,O=C1OC(=O)CCC1
108-59-8,O=C(OC)CC(=O)OC
108-65-6,O=C(OC(C)COC)C
108-67-8,C=1C(=CC(=CC1C)C)C
108-69-0,NC=1C=C(C=C(C1)C)C
108-73-6,OC=1C=C(O)C=C(O)C1
108-77-0,ClC=1N=C(Cl)N=C(Cl)N1
108-85-0,BrC1CCCCC1
108-86-1,BrC=1C=CC=CC1
108-87-2,CC1CCCCC1
108-88-3,C=1C=CC(=CC1)C
108-89-4,N=1C=CC(=CC1)C
108-90-7,ClC=1C=CC=CC1
108-94-1,O=C1CCCCC1
108-95-2,OC=1C=CC=CC1
108-98-5,SC=1C=CC=CC1
109-01-3,N1CCN(C)CC1
109-02-4,O1CCN(C)CC1
109-12-6,N=1C=CC=NC1N
109-52-4,O=C(O)CCCC
109-63-7,[F-][B+3]([F-])([F-])O(CC)CC
109-65-9,BrCCCC
109-66-0,CCCCC
109-72-8,[Li].CCC[CH2]
109-76-2,NCCCN
109-77-3,N#CCC#N
109-89-7,N(CC)CC
109-92-2,O(C=C)CC
109-94-4,O=COCC
109-97-7,C=1C=CNC1
109-99-9,O1CCCC1
110-02-1,S1C=CC=C1
110-05-4,O(OC(C)(C)C)C(C)(C)C
110-06-5,S(SC(C)(C)C)C(C)(C)C
110-16-7,O=C(O)C=CC(=O)O
110-17-8,O=C(O)C=CC(=O)O
110-18-9,N(C)(C)CCN(C)C
110-27-0,O=C(OC(C)C)CCCCCCCCCCCCC
110-46-3,O=NOCCC(C)C
110-53-2,BrCCCCC
110-54-3,CCCCCC
110-60-1,NCCCCN
110-62-3,O=CCCCC
110-70-3,N(C)CCNC
110-71-4,O(C)CCOC
110-82-7,C1CCCCC1
110-83-8,C1=CCCCC1
110-85-0,N1CCNCC1
110-86-1,N=1C=CC=CC1
110-87-2,O1C=CCCC1
110-89-4,N1CCCCC1
110-91-8,O1CCNCC1
111-24-0,BrCCCCCBr
111-34-2,O(C=C)CCCC
111-40-0,NCCNCCN
111-46-6,OCCOCCO
111-70-6,OCCCCCCC
111-71-7,O=CCCCCCC
111-76-2,OCCOCCCC
111-78-4,C1=CCCC=CCC1
111-82-0,O=C(OC)CCCCCCCCCCC
111-96-6,O(C)CCOCCOC
112-02-7,[Cl-].CCCCCCCCCCCCCCCC[N+](C)(C)C
112-16-3,O=C(Cl)CCCCCCCCCCC
112-24-3,NCCNCCNCCN
112-27-6,OCCOCCOCCO
112-40-3,CCCCCCCCCCCC
112-55-0,SCCCCCCCCCCCC
115-11-7,C=C(C)C
115-22-0,O=C(C)C(O)(C)C
116-09-6,O=C(C)CO
116-11-0,O(C(=C)C)C
117-34-0,O=C(O)C(C=1C=CC=CC1)C=2C=CC=CC2
117-96-4,O=C(O)C=1C(I)=C(NC(=O)C)C(I)=C(NC(=O)C)C1I
118-10-5,OC(C=1C=CN=C2C=CC=CC21)C3N4CCC(C3)C(C=C)C4
118-41-2,O=C(O)C1=CC(OC)=C(OC)C(OC)=C1
118-52-5,O=C1N(Cl)C(=O)C(N1Cl)(C)C
118-72-9,SC=1C(=CC=CC1C)C
118-75-2,O=C1C(Cl)=C(Cl)C(=O)C(Cl)=C1Cl
118-90-1,O=C(O)C=1C=CC=CC1C
118-91-2,O=C(O)C=1C=CC=CC1Cl
118-93-4,O=C(C=1C=CC=CC1O)C
119-26-6,O=N(=O)C1=CC=C(NN)C(=C1)N(=O)=O
119-33-5,O=N(=O)C1=CC(=CC=C1O)C
119-36-8,O=C(OC)C=1C=CC=CC1O
119-61-9,O=C(C=1C=CC=CC1)C=2C=CC=CC2
119-64-2,C=1C=CC2=C(C1)CCCC2
119-65-3,N=1C=CC=2C=CC=CC2C1
119-67-5,O=CC=1C=CC=CC1C(=O)O
120-12-7,C=1C=CC=2C=C3C=CC=CC3=CC2C1
120-46-7,O=C(C=1C=CC=CC1)CC(=O)C=2C=CC=CC2
120-61-6,O=C(OC)C1=CC=C(C=C1)C(=O)OC
120-72-9,C=1C=CC=2NC=CC2C1
120-75-2,N=1C=2C=CC=CC2SC1C
120-80-9,OC=1C=CC=CC1O
120-82-1,ClC1=CC=C(Cl)C(Cl)=C1
120-92-3,O=C1CCCC1
121-14-2,O=N(=O)C1=CC=C(C(=C1)N(=O)=O)C
121-33-5,O=CC1=CC=C(O)C(OC)=C1
121-43-7,O(B(OC)OC)C
121-44-8,N(CC)(CC)CC
121-45-9,O(P(OC)OC)C
121-69-7,C=1C=CC(=CC1)N(C)C
121-71-1,O=C(C=1C=CC=C(O)C1)C
121-91-5,O=C(O)C1=CC=CC(=C1)C(=O)O
121-98-2,O=C(OC)C1=CC=C(OC)C=C1
122-00-9,O=C(C1=CC=C(C=C1)C)C
122-39-4,C=1C=CC(=CC1)NC=2C=CC=CC2
122-51-0,O(CC)C(OCC)OCC
122-52-1,O(P(OCC)OCC)CC
122-57-6,O=C(C=CC=1C=CC=CC1)C
122-78-1,O=CCC=1C=CC=CC1
123-08-0,O=CC1=CC=C(O)C=C1
123-11-5,O=CC1=CC=C(OC)C=C1
123-30-8,OC1=CC=C(N)C=C1
123-31-9,OC1=CC=C(O)C=C1
123-34-2,OCC(O)COCC=C
123-38-6,O=CCC
123-72-8,O=CCCC
123-73-9,O=CC=CC
123-75-1,N1CCCC1
123-91-1,O1CCOCC1
124-09-4,NCCCCCCN
124-13-0,O=CCCCCCCC
124-18-5,CCCCCCCCCC
124-19-6,O=CCCCCCCCC
124-40-3,N(C)C
124-41-4,C[O-].[Na+]
124-43-6,O=C(N)N.OO
124-63-0,O=S(=O)(Cl)C
127-08-2,CC(=O)[O-].[K+]
127-09-3,CC(=O)[O-].[Na+]
127-19-5,O=C(N(C)C)C
127-52-6,C1=CC=C(C=C1)S(=O)(=O)[N-]Cl.[Na+]
128-08-5,O=C1N(Br)C(=O)CC1
128-09-6,O=C1N(Cl)C(=O)CC1
128-37-0,OC=1C(=CC(=CC1C(C)(C)C)C)C(C)(C)C
129-00-0,C=1C=C2C=CC3=CC=CC=4C=CC(C1)=C2C34
129-44-2,O=C1C=2C=CC=C(N)C2C(=O)C=3C=CC=C(N)C13
129-64-6,O=C1OC(=O)C2C3C=CC(C3)C12
133-32-4,O=C(O)CCCC1=CNC=2C=CC=CC21
134-03-2,C(C(C1C(=C(C(=O)O1)O)[O-])O)O.[Na+]
134-32-7,NC1=CC=CC=2C=CC=CC12
134-81-6,O=C(C=1C=CC=CC1)C(=O)C=2C=CC=CC2
135-02-4,O=CC=1C=CC=CC1OC
135-19-3,OC=1C=CC=2C=CC=CC2C1
137-07-5,SC=1C=CC=CC1N
138-60-3,O=C1C=C(NC(=C1)C(=O)O)C(=O)O
139-66-2,S(C=1C=CC=CC1)C=2C=CC=CC2
140-10-3,O=C(O)C=CC=1C=CC=CC1
140-88-5,O=C(OCC)C=C
141-32-2,O=C(OCCCC)C=C
141-52-6,CC[O-].[Na+]
141-53-7,C(=O)[O-].[Na+]
141-78-6,O=C(OCC)C
141-82-2,O=C(O)CC(=O)O
141-93-5,C=1C=C(C=C(C1)CC)CC
141-97-9,O=C(OCC)CC(=O)C
142-08-5,O=C1C=CC=CN1
142-25-6,N(C)CCN(C)C
142-28-9,ClCCCCl
142-62-1,O=C(O)CCCCC
142-63-2,O.N1CCNCC1
142-68-7,O1CCCCC1
142-71-2,CC(=O)[O-].CC(=O)[O-].[Cu+2]
142-82-5,CCCCCCC
143-07-7,O=C(O)CCCCCCCCCCC
143-33-9,[C-]#N.[Na+]
143-66-8,[Na+].C=1C=C[C-](=CC1)[B+3]([C-]=2C=CC=CC2)([C-]=3C=CC=CC3)[C-]=4C=CC=CC4
144-48-9,O=C(N)CI
144-55-8,C(=O)(O)[O-].[Na+]
144-62-7,O=C(O)C(=O)O
147-85-3,O=C(O)C1NCCC1
149-57-5,O=C(O)C(CC)CCCC
150-13-0,O=C(O)C1=CC=C(N)C=C1
150-19-6,OC1=CC=CC(OC)=C1
151-10-0,O(C1=CC=CC(OC)=C1)C
151-50-8,[C-]#N.[K+]
153-94-6,O=C(O)C(N)CC1=CNC=2C=CC=CC21
156-06-9,O=C(O)C(=O)CC=1C=CC=CC1
191-07-1,C1=CC2=CC=C3C=CC4=CC=C5C=CC6=CC=C1C=7C2=C3C4=C5C67
198-55-0,C1=CC=2C=CC=C3C4=CC=CC5=CC=CC(C(=C1)C23)=C54
271-63-6,N1=CC=CC=2C=CNC12
271-89-6,O1C=CC=2C=CC=CC12
280-57-9,N12CCN(CC1)CC2
280-64-8,B1C2CCCC1CCC2
286-20-4,O1C2CCCCC12
288-32-4,N=1C=CNC1
288-88-0,N=1N=CNC1
288-94-8,N=1N=CNN1
298-14-6,C(=O)(O)[O-].[K+]
298-93-1,[Br-].N1=C(SC(=C1C)C)N2N=C(N=[N+]2C=3C=CC=CC3)C=4C=CC=CC4
300-57-2,C=CCC=1C=CC=CC1
302-72-7,O=C(O)C(N)C
311-28-4,[I-].CCCC[N+](CCCC)(CCCC)CCCC
313-72-4,FC=1C(F)=C(F)C=2C(F)=C(F)C(F)=C(F)C2C1F
321-21-1,CC1=C(C=CC(=C1)F)C(=O)O
321-38-0,FC1=CC=CC=2C=CC=CC12
327-54-8,FC=1C=C(F)C(F)=CC1F
328-74-5,FC(F)(F)C1=CC(N)=CC(=C1)C(F)(F)F
333-20-0,C(#N)[S-].[K+]
333-27-7,O=S(=O)(OC)C(F)(F)F
341-41-3,FC1=CC=C(Br)C=2C=CC=CC12
344-04-7,FC=1C(F)=C(F)C(Br)=C(F)C1F
344-07-0,FC=1C(F)=C(F)C(Cl)=C(F)C1F
347-54-6,C1=CC(=C(C=C1F)C=O)O
348-36-7,O=C(OCC)C1=CC=2C=C(F)C=CC2N1
348-57-2,FC1=CC=C(Br)C(F)=C1
349-76-8,O=C(C1=CC=CC(=C1)C(F)(F)F)C
351-28-0,O=C(NC=1C=CC=C(F)C1)C
353-54-8,FC(Br)(Br)Br
358-23-6,O=S(=O)(OS(=O)(=O)C(F)(F)F)C(F)(F)F
363-81-5,FC=1C=C(F)C(N)=C(F)C1
366-18-7,N=1C=CC=CC1C=2N=CC=CC2
367-31-7,FC1=CC=C(N)C(N)=C1
367-93-1,OCC1OC(SC(C)C)C(O)C(O)C1O
369-33-5,O=C(C1=CC=C(F)C(F)=C1)C
371-40-4,FC1=CC=C(N)C=C1
371-41-5,FC1=CC=C(O)C=C1
372-44-1,[F-][B+3]([F-])([F-])[OH]C=1C=CC=CC1
372-48-5,FC1=NC=CC=C1
373-44-4,NCCCCCCCCN
373-88-6,Cl.FC(F)(F)CN
375-22-4,O=C(O)C(F)(F)C(F)(F)C(F)(F)F
391-12-8,C1=CC2=C(C(=C1)C(F)(F)F)NC(=O)C2=O
392-56-3,FC=1C(F)=C(F)C(F)=C(F)C1F
392-57-4,FC=1C(F)=C(I)C(F)=C(F)C1I
393-77-1,O=N(=O)C1=CC(=CC(=C1O)N(=O)=O)C(F)(F)F
402-45-9,FC(F)(F)C1=CC=C(O)C=C1
403-33-8,O=C(OC)C1=CC=C(F)C=C1
403-42-9,O=C(C1=CC=C(F)C=C1)C
403-54-3,N#CC=1C=CC=C(F)C1
405-99-2,FC1=CC=C(C=C)C=C1
407-25-0,O=C(OC(=O)C(F)(F)F)C(F)(F)F
420-37-1,[F-][B+3]([F-])([F-])[F-].[O+](C)(C)C
421-83-0,O=S(=O)(Cl)C(F)(F)F
423-39-2,FC(F)(F)C(F)(F)C(F)(F)C(F)(F)I
429-41-4,[F-].CCCC[N+](CCCC)(CCCC)CCCC
431-46-9,FC(F)(F)C(O)OC
433-19-2,FC(F)(F)C1=CC=C(C=C1)C(F)(F)F
434-45-7,O=C(C=1C=CC=CC1)C(F)(F)F
434-64-0,FC=1C(F)=C(F)C(=C(F)C1F)C(F)(F)F
443-69-6,C1=CC2=C(C=C1F)C(=O)C(=O)N2
444-30-4,FC(F)(F)C=1C=CC=CC1O
445-29-4,O=C(O)C=1C=CC=CC1F
446-36-6,O=N(=O)C1=CC=C(F)C=C1O
447-61-0,O=CC=1C=CC=CC1C(F)(F)F
451-40-1,O=C(C=1C=CC=CC1)CC=2C=CC=CC2
454-89-7,O=CC1=CC=CC(=C1)C(F)(F)F
455-00-5,C1=CC(=NC(=C1)C(F)(F)F)C(F)(F)F
455-14-1,FC(F)(F)C1=CC=C(N)C=C1
455-19-6,O=CC1=CC=C(C=C1)C(F)(F)F
455-68-5,O=C(OC)C=1C=CC=C(F)C1
456-48-4,O=CC=1C=CC=C(F)C1
459-57-4,O=CC1=CC=C(F)C=C1
460-00-4,FC1=CC=C(Br)C=C1
462-06-6,FC=1C=CC=CC1
462-08-8,N=1C=CC=C(N)C1
464-72-2,OC(C=1C=CC=CC1)(C=2C=CC=CC2)C(O)(C=3C=CC=CC3)C=4C=CC=CC4
471-25-0,O=C(O)C#C
471-34-1,C(=O)([O-])[O-].[Ca+2]
473-34-7,O=S(=O)(C1=CC=C(C=C1)C)N(Cl)Cl
480-63-7,O=C(O)C=1C(=CC(=CC1C)C)C
485-47-2,O=C1C=2C=CC=CC2C(=O)C1(O)O
485-71-2,OC(C=1C=CN=C2C=CC=CC21)C3N4CCC(C3)C(C=C)C4
487-68-3,O=CC=1C(=CC(=CC1C)C)C
487-89-8,O=CC1=CNC=2C=CC=CC12
491-35-0,N=1C=CC(=C2C=CC=CC12)C
491-38-3,O=C1C=COC=2C=CC=CC12
492-22-8,O=C1C=2C=CC=CC2SC=3C=CC=CC31
492-38-6,O=C(O)C(=C)C=1C=CC=CC1
492-61-5,OCC1OC(O)C(O)C(O)C1O
492-88-6,O=CC=1C=CC=C(OCC)C1O
492-97-7,S1C=CC=C1C=2SC=CC2
493-05-0,O1CC=2C=CC=CC2CC1
493-09-4,O1C=2C=CC=CC2OCC1
496-15-1,C=1C=CC2=C(C1)NCC2
496-16-2,O1C=2C=CC=CC2CC1
497-19-8,C(=O)([O-])[O-].[Na+].[Na+]
497-25-6,O=C1OCCN1
498-60-2,O=CC1=COC=C1
498-62-4,O=CC1=CSC=C1
498-63-5,OCC1NCCC1
498-66-8,C1=CC2CCC1C2
500-22-1,O=CC=1C=NC=CC1
500-99-2,OC=1C=C(OC)C=C(OC)C1
501-52-0,O=C(O)CCC=1C=CC=CC1
501-53-1,O=C(Cl)OCC=1C=CC=CC1
504-02-9,O=C1CC(=O)CCC1
504-24-5,N=1C=CC(N)=CC1
504-29-0,N=1C=CC=CC1N
504-63-2,OCCCO
506-68-3,N#CBr
506-78-5,N#CI
507-09-5,O=C(S)C
507-20-0,ClC(C)(C)C
507-40-4,ClOC(C)(C)C
512-56-1,O=P(OC)(OC)OC
513-31-5,BrC(=C)CBr
513-81-5,C=C(C(=C)C)C
513-86-0,O=C(C)C(O)C
516-06-3,O=C(O)C(N)C(C)C
516-12-1,O=C1N(I)C(=O)CC1
519-73-3,C=1C=CC(=CC1)C(C=2C=CC=CC2)C=3C=CC=CC3
524-38-9,O=C1C=2C=CC=CC2C(=O)N1O
524-95-8,O(B(C=1C=CC=CC1)C=2C=CC=CC2)CCN
526-55-6,OCCC1=CNC=2C=CC=CC21
527-72-0,O=C(O)C=1SC=CC1
529-20-4,O=CC=1C=CC=CC1C
529-34-0,O=C1C=2C=CC=CC2CCC1
530-62-1,O=C(N1C=NC=C1)N2C=NC=C2
532-27-4,O=C(C=1C=CC=CC1)CCl
532-32-1,C1=CC=C(C=C1)C(=O)[O-].[Na+]
533-17-5,O=C(NC=1C=CC=CC1Cl)C
533-31-3,OC1=CC=C2OCOC2=C1
534-16-7,C(=O)([O-])[O-].[Ag+].[Ag+]
534-17-8,C(=O)([O-])[O-].[Cs+].[Cs+]
535-87-5,O=C(O)C=1C=C(N)C=C(N)C1
536-60-7,OCC1=CC=C(C=C1)C(C)C
536-74-3,C#CC=1C=CC=CC1
536-80-1,O=IC=1C=CC=CC1
537-00-8,CC(=O)[O-].CC(=O)[O-].CC(=O)[O-].[Ce+3]
537-92-8,O=C(NC1=CC=CC(=C1)C)C
538-75-0,C(=NC1CCCCC1)=NC2CCCCC2
540-37-4,IC1=CC=C(N)C=C1
540-51-2,BrCCO
540-80-7,O=NOC(C)(C)C
541-41-3,O=C(Cl)OCC
541-59-3,O=C1C=CC(=O)N1
543-27-1,O=C(Cl)OCC(C)C
543-80-6,CC(=O)[O-].CC(=O)[O-].[Ba+2]
544-92-3,[C-]#N.[Cu+]
544-97-8,[CH3-].[CH3-].[Zn+2]
545-06-2,N#CC(Cl)(Cl)Cl
546-68-9,CC(C)[O-].CC(C)[O-].CC(C)[O-].CC(C)[O-].[Ti+4]
546-88-3,O=C(NO)C
546-89-4,[Li+].CC(=O)[O-]
547-58-0,CN(C)C1=CC=C(C=C1)N=NC2=CC=C(C=C2)S(=O)(=O)[O-].[Na+]
548-62-9,[Cl-].C=1C=C(C=CC1C(C2=CC=C(C=C2)N(C)C)=C3C=CC(C=C3)=[N+](C)C)N(C)C
551-93-9,O=C(C=1C=CC=CC1N)C
552-16-9,O=C(O)C=1C=CC=CC1N(=O)=O
552-89-6,O=CC=1C=CC=CC1N(=O)=O
553-71-9,C1=CC=C(C=C1)C(=O)[O-].C1=CC=C(C=C1)C(=O)[O-].[Ni+2]
554-13-2,[Li+].[Li+].C(=O)([O-])[O-]
554-14-3,S1C=CC=C1C
554-84-7,O=N(=O)C=1C=CC=C(O)C1
554-95-0,O=C(O)C=1C=C(C=C(C1)C(=O)O)C(=O)O
557-20-0,C[CH2].C[CH2].[Zn]
557-34-6,CC(=O)[O-].CC(=O)[O-].[Zn+2]
557-66-4,Cl.NCC
558-13-4,BrC(Br)(Br)Br
563-63-3,CC(=O)[O-].[Ag+]
563-70-2,O=N(=O)CBr
563-76-8,O=C(Br)C(Br)C
563-83-7,O=C(N)C(C)C
563-96-2,O=C(O)C(O)O
569-42-6,OC1=CC=CC=2C=CC=C(O)C12
570-02-5,O=C(O)C=1C(OC)=CC(OC)=CC1OC
572-09-8,O=C(OCC1OC(Br)C(OC(=O)C)C(OC(=O)C)C1OC(=O)C)C
574-17-4,O=C1C(=O)N(C(=O)C)C=2C=CC=CC12
576-22-7,BrC=1C(=CC=CC1C)C
576-83-0,BrC=1C(=CC(=CC1C)C)C
577-16-2,O=C(C=1C=CC=CC1C)C
577-56-0,O=C(O)C=1C=CC=CC1C(=O)C
577-59-3,O=C(C=1C=CC=CC1N(=O)=O)C
578-68-7,N=1C=CC(N)=C2C=CC=CC12
579-10-2,O=C(N(C=1C=CC=CC1)C)C
579-43-1,OC(C=1C=CC=CC1)C(O)C=2C=CC=CC2
579-75-9,O=C(O)C=1C=CC=CC1OC
580-13-2,BrC=1C=CC=2C=CC=CC2C1
580-17-6,N=1C=C(N)C=C2C=CC=CC12
580-22-3,N=1C(N)=CC=C2C=CC=CC12
581-40-8,C=1C=CC=2C=C(C(=CC2C1)C)C
581-43-1,OC=1C=CC2=CC(O)=CC=C2C1
581-96-4,O=C(O)CC=1C=CC=2C=CC=CC2C1
582-17-2,OC=1C=CC2=CC=C(O)C=C2C1
582-24-1,O=C(C=1C=CC=CC1)CO
582-25-2,C1=CC=C(C=C1)C(=O)[O-].[K+]
583-39-1,S=C1NC=2C=CC=CC2N1
583-53-9,BrC=1C=CC=CC1Br
583-55-1,BrC=1C=CC=CC1I
584-08-7,C(=O)([O-])[O-].[K+].[K+]
584-09-8,C(=O)([O-])[O-].[Rb+].[Rb+]
585-32-0,NC(C=1C=CC=CC1)(C)C
585-47-7,O=S(=O)(Cl)C1=CC=CC(=C1)S(=O)(=O)Cl
585-48-8,N=1C(=CC=CC1C(C)(C)C)C(C)(C)C
585-74-0,O=C(C1=CC=CC(=C1)C)C
586-37-8,O=C(C=1C=CC=C(OC)C1)C
586-38-9,O=C(O)C=1C=CC=C(OC)C1
586-76-5,O=C(O)C1=CC=C(Br)C=C1
587-04-2,O=CC=1C=CC=C(Cl)C1
589-10-6,BrCCOC=1C=CC=CC1
589-87-7,BrC1=CC=C(I)C=C1
590-17-0,N#CCBr
590-86-3,O=CCC(C)C
590-92-1,O=C(O)CCBr
591-17-3,BrC1=CC=CC(=C1)C
591-22-0,N=1C=C(C=C(C1)C)C
591-31-1,O=CC=1C=CC=C(OC)C1
591-48-0,C1=CC(C)CCC1
591-50-4,IC=1C=CC=CC1
591-80-0,O=C(O)CCC=C
592-41-6,C=CCCCC
592-57-4,C=1C=CCCC1
593-60-2,BrC=C
593-71-5,ClCI
593-81-7,Cl.N(C)(C)C
594-09-2,P(C)(C)C
594-19-4,[Li].C[C](C)C
598-30-1,[Li+].CC[CH-]C
598-54-9,CC(=O)[O-].[Cu+]
598-55-0,O=C(OC)N
599-00-8,O=C(O)C(F)(F)F
600-22-6,O=C(OC)C(=O)C
602-09-5,OC=1C=CC=2C=CC=CC2C1C3=C(O)C=CC=4C=CC=CC43
602-94-8,O=C(O)C=1C(F)=C(F)C(F)=C(F)C1F
603-11-2,O=C(O)C1=CC=CC(=C1C(=O)O)N(=O)=O
603-32-7,C=1C=CC(=CC1)[As](C=2C=CC=CC2)C=3C=CC=CC3
603-33-8,C1=CC=C(C=C1)[Bi](C2=CC=CC=C2)C3=CC=CC=C3
603-34-9,C=1C=CC(=CC1)N(C=2C=CC=CC2)C=3C=CC=CC3
603-35-0,C=1C=CC(=CC1)P(C=2C=CC=CC2)C=3C=CC=CC3
603-36-1,C=1C=CC(=CC1)[Sb](C=2C=CC=CC2)C=3C=CC=CC3
603-76-9,C=1C=CC2=C(C1)C=CN2C
603-80-5,CC1=C(C=CC=C1O)C(=O)O
603-86-1,O=N(=O)C=1C=CC=C(Cl)C1O
606-45-1,O=C(OC)C=1C=CC=CC1OC
607-24-9,O=N(=O)C=1C=CC=2C=CC=CC2C1O
607-66-9,O=C1C=C(C=2C=CC=CC2N1)C
608-05-9,O=C1NC2=CC=C(C=C2C1=O)C
608-23-1,ClC1=CC=CC(=C1C)C
608-28-6,IC=1C(=CC=CC1C)C
608-43-5,CC1=C(C=CC(=C1C)O)O
609-09-6,O=C(OCC)C(=O)C(=O)OCC
609-23-4,IC=1C=C(I)C(O)=C(I)C1
609-36-9,O=C(O)C1NCCC1
609-73-4,O=N(=O)C=1C=CC=CC1I
609-93-8,O=N(=O)C1=CC(=CC(=C1O)N(=O)=O)C
610-09-3,O=C(O)C1CCCCC1C(=O)O
610-94-6,O=C(OC)C=1C=CC=CC1Br
611-07-4,O=N(=O)C1=CC=C(Cl)C=C1O
611-13-2,O=C(OC)C=1OC=CC1
611-17-6,ClC=1C=CC=CC1CBr
611-20-1,N#CC=1C=CC=CC1O
611-70-1,O=C(C=1C=CC=CC1)C(C)C
612-19-1,CCC1=CC=CC=C1C(=O)O
612-24-8,N#CC=1C=CC=CC1N(=O)=O
612-25-9,O=N(=O)C=1C=CC=CC1CO
612-87-3,O=C(O)C=1C=CC=C(C1)C=2C=CC=C(C2)C(=O)O
612-96-4,N=1C=2C=CC=CC2C=CC1C=3C=CC=CC3
613-45-6,O=CC1=CC=C(OC)C=C1OC
613-46-7,N#CC=1C=CC=2C=CC=CC2C1
614-16-4,N#CCC(=O)C=1C=CC=CC1
614-96-0,C1=CC=2C=C(C=CC2N1)C
615-15-6,N=1C=2C=CC=CC2NC1C
615-20-3,ClC1=NC=2C=CC=CC2S1
615-42-9,IC=1C=CC=CC1I
615-43-0,IC=1C=CC=CC1N
615-60-1,ClC1=CC=C(C(=C1)C)C
616-29-5,OC(CN)CN
616-38-6,O=C(OC)OC
616-47-7,N=1C=CN(C1)C
617-35-6,O=C(OCC)C(=O)C
617-86-7,CC[SiH](CC)CC
617-94-7,OC(C=1C=CC=CC1)(C)C
618-51-9,O=C(O)C=1C=CC=C(I)C1
619-05-6,O=C(O)C1=CC=C(N)C(N)=C1
619-24-9,N#CC1=CC=CC(=C1)N(=O)=O
619-44-3,O=C(OC)C1=CC=C(I)C=C1
619-58-9,O=C(O)C1=CC=C(I)C=C1
619-84-1,O=C(O)C1=CC=C(C=C1)N(C)C
620-13-3,BrCC=1C=CC=C(C1)C
620-23-5,O=CC1=CC=CC(=C1)C
620-79-1,O=C(OCC)C(C(=O)C)CC=1C=CC=CC1
621-23-8,O(C=1C=C(OC)C=C(OC)C1)C
621-36-3,O=C(O)CC=1C=CC=C(C1)C
621-79-4,O=C(N)C=CC=1C=CC=CC1
622-47-9,O=C(O)CC1=CC=C(C=C1)C
622-58-2,O=C=NC1=CC=C(C=C1)C
622-88-8,Cl.BrC1=CC=C(C=C1)NN
622-95-7,ClC1=CC=C(C=C1)CBr
623-00-7,N#CC1=CC=C(Br)C=C1
623-03-0,N#CC1=CC=C(Cl)C=C1
623-33-6,Cl.O=C(OCC)CN
623-47-2,O=C(C#C)OCC
623-48-3,O=C(OCC)CI
623-73-4,[N-]=[N+]=CC(=O)OCC
624-39-5,SC1=CC=C(S)C=C1
624-48-6,O=C(OC)C=CC(=O)OC
624-75-9,N#CCI
624-92-0,S(SC)C
625-35-4,O=C(Cl)C=CC
625-38-7,O=C(O)CC=C
625-45-6,O=C(O)COC
625-48-9,O=N(=O)CCO
625-82-1,C=1NC(=CC1C)C
625-92-3,BrC1=CN=CC(Br)=C1
625-99-0,ClC1=CC=CC(I)=C1
626-02-8,IC1=CC=CC(O)=C1
626-05-1,BrC=1N=C(Br)C=CC1
626-17-5,N#CC1=CC=CC(C#N)=C1
626-19-7,O=CC1=CC=CC(C=O)=C1
626-35-7,O=C(OCC)CN(=O)=O
626-64-2,OC=1C=CN=CC1
627-18-9,BrCCCO
627-27-0,OCCC=C
627-30-5,ClCCCO
628-13-7,Cl.N=1C=CC=CC1
628-41-1,C1=CCC=CC1
629-03-8,BrCCCCCCBr
629-59-4,CCCCCCCCCCCCCC
630-19-3,O=CC(C)(C)C
631-22-1,O=C(OCC)C(Br)(Br)C(=O)OCC
631-61-8,O=C(O)C.N
632-69-9,C1=C2C(=C3C=C(C(=O)C(=C3OC2=C(C(=C1I)[O-])I)I)I)C4=C(C(=C(C(=C4Cl)Cl)Cl)Cl)C(=O)[O-].[Na+].[Na+]
632-93-9,O=C(OCC)C1=C(NC(=C(C(=O)OCC)C1C)C)C
635-26-7,Cl.NNC=1C=CC=CC1C
635-46-1,C=1C=CC2=C(C1)NCCC2
635-93-8,O=CC1=CC(Cl)=CC=C1O
636-82-8,O=C(O)C1=CCCCC1
636-98-6,O=N(=O)C1=CC=C(I)C=C1
637-60-5,Cl.NNC1=CC=C(C=C1)C
637-69-4,O(C1=CC=C(C=C)C=C1)C
637-81-0,[N-]=[N+]=NCC(=O)OCC
638-38-0,CC(=O)[O-].CC(=O)[O-].[Mn+2]
640-61-9,O=S(=O)(NC)C1=CC=C(C=C1)C
642-31-9,O=CC=1C=2C=CC=CC2C=C3C=CC=CC31
644-36-0,O=C(O)CC=1C=CC=CC1C
644-76-8,OC1C(O)C2OCC(O2)C1O
646-06-0,O1COCC1
646-25-3,NCCCCCCCCCCN
651-83-2,C1(=C(C(=C(C(=C1F)F)N)F)F)C(F)(F)F
652-18-6,O=C(O)C=1C(F)=C(F)C=C(F)C1F
653-35-0,FC=1C(F)=C(F)C(=C(F)C1F)CCl
653-37-2,O=CC=1C(F)=C(F)C(F)=C(F)C1F
655-86-7,N1=C2C=CC=CC2=NC3=CC(N)=C(N)C=C13
657-27-2,Cl.O=C(O)C(N)CCCCN
657-84-1,CC1=CC=C(C=C1)S(=O)(=O)O.[Na]
666-52-4,O=C(C)C
667-27-6,O=C(OCC)C(F)(F)Br
680-31-9,O=P(N(C)C)(N(C)C)N(C)C
683-57-8,O=C(N)CBr
688-73-3,CCCC[SnH](CCCC)CCCC
688-74-4,O(B(OCCCC)OCCCC)CCCC
693-02-7,C#CCCCC
693-04-9,CCC[CH2-].[Mg+2].[Cl-]
693-57-2,O=C(O)CCCCCCCCCCCN
693-95-8,N1=CSC=C1C
694-28-0,O=C1CCCC1Cl
694-80-4,ClC=1C=CC=CC1Br
695-34-1,N=1C=CC(=CC1N)C
696-41-3,C1=CC(=CC(=C1)I)C=O
696-44-6,C=1C=C(C=C(C1)C)NC
696-62-8,IC1=CC=C(OC)C=C1
696-63-9,SC1=CC=C(OC)C=C1
698-63-5,O=CC=1OC(=CC1)N(=O)=O
700-16-3,FC=1N=C(F)C(F)=C(F)C1F
700-38-9,O=N(=O)C1=CC=C(C=C1O)C
702-23-8,OCCC1=CC=C(OC)C=C1
703-80-0,O=C(C1=CNC=2C=CC=CC21)C
704-13-2,O=CC1=CC=C(C(O)=C1)N(=O)=O
704-14-3,O=N(=O)C1=CC=C(OC)C=C1O
706-07-0,O=N(=O)C=CC1=CC=C(Cl)C=C1
708-06-5,O=CC1=C(O)C=CC=2C=CC=CC21
709-63-7,O=C(C1=CC=C(C=C1)C(F)(F)F)C
711-79-5,O=C(C=1C=CC=2C=CC=CC2C1O)C
713-52-0,COC(=O)C1=CC(=C(C=C1)[N+](=O)[O-])O
718-64-9,FC(F)(F)C(O)(C=1C=CC=CC1)C(F)(F)F
729-81-7,C1=C(C=C(C=C1C(F)(F)F)C(F)(F)F)C(F)(F)F
732-26-3,OC=1C(=CC(=CC1C(C)(C)C)C(C)(C)C)C(C)(C)C
753-73-1,C[Sn](C)(Cl)Cl
754-05-2,C=C[Si](C)(C)C
754-10-9,O=C(N)C(C)(C)C
758-12-3,O=C(O)C
760-67-8,O=C(Cl)C(CC)CCCC
762-04-9,O=P(OCC)OCC
762-42-5,O=C(C#CC(=O)OC)OC
762-72-1,C=CC[Si](C)(C)C
765-30-0,NC1CC1
766-80-3,ClC1=CC=CC(=C1)CBr
767-00-0,N#CC1=CC=C(O)C=C1
768-35-4,FC1=CC=CC(=C1)B(O)O
769-42-6,O=C1N(C(=O)CC(=O)N1C)C
769-92-6,NC1=CC=C(C=C1)C(C)(C)C
770-71-8,OCC12CC3CC(CC(C3)C1)C2
771-60-8,FC=1C(F)=C(F)C(N)=C(F)C1F
771-62-0,FC=1C(F)=C(F)C(S)=C(F)C1F
771-97-1,NC1=CC=2C=CC=CC2C=C1N
771-98-2,C=1C=CC(=CC1)C2=CCCCC2
773-64-8,O=S(=O)(Cl)C=1C(=CC(=CC1C)C)C
776-74-9,BrC(C=1C=CC=CC1)C=2C=CC=CC2
787-69-9,CC(=O)C1=CC=C(C=C1)C2=CC=C(C=C2)C(=O)C
791-28-6,O=P(C=1C=CC=CC1)(C=2C=CC=CC2)C=3C=CC=CC3
811-98-3,OC
814-68-6,O=C(Cl)C=C
821-06-7,BrCC=CCBr
821-09-0,OCCCC=C
821-41-0,OCCCCC=C
823-78-9,BrC1=CC=CC(=C1)CBr
823-85-8,Cl.FC1=CC=C(C=C1)NN
824-72-6,O=P(Cl)(Cl)C=1C=CC=CC1
824-79-3,CC1=CC=C(C=C1)S(=O)[O-].[Na+]
827-15-6,FC=1C(F)=C(F)C(I)=C(F)C1F
828-51-3,O=C(O)C12CC3CC(CC(C3)C1)C2
829-85-6,C=1C=CC(=CC1)PC=2C=CC=CC2
830-96-6,O=C(O)CCC1=CNC=2C=CC=CC21
855-38-9,O(C1=CC=C(C=C1)P(C2=CC=C(OC)C=C2)C3=CC=C(OC)C=C3)C
859-65-4,O=C(C=P(C=1C=CC=CC1)(C=2C=CC=CC2)C=3C=CC=CC3)C=4C=CC=CC4
865-33-8,C[O-].[K+]
865-47-4,CC(C)(C)[O-].[K+]
865-48-5,CC(C)(C)O.[Na]
865-49-6,ClC(Cl)Cl
867-13-0,O=C(OCC)CP(=O)(OCC)OCC
870-24-6,Cl.ClCCN
870-46-2,O=C(OC(C)(C)C)NN
870-50-8,O=C(N=NC(=O)OC(C)(C)C)OC(C)(C)C
870-63-3,BrCC=C(C)C
871-78-3,O=C(NCCNC(=O)C)C
872-50-4,O=C1N(C)CCC1
872-53-7,O=CC1CCCC1
873-49-4,C=1C=CC(=CC1)C2CC2
873-55-2,C1=CC=C(C=C1)S(=O)O.[Na]
873-62-1,N#CC=1C=CC=C(O)C1
873-66-5,C=1C=CC(=CC1)C=CC
873-74-5,N#CC1=CC=C(N)C=C1
874-90-8,N#CC1=CC=C(OC)C=C1
875-74-1,O=C(O)C(N)C=1C=CC=CC1
877-24-7,C1=CC=C(C(=C1)C(=O)O)C(=O)[O-].[K+]
877-88-3,BrCC=1C=C(OC)C=C(OC)C1
882-33-7,S(SC=1C=CC=CC1)C=2C=CC=CC2
883-99-8,O=C(OC)C1=CC=2C=CC=CC2C=C1O
917-23-7,N1=C2C=CC1=C(C=3C=CC=CC3)C4=CC=C(N4)C(=C5N=C(C=C5)C(C=6C=CC=CC6)=C7C=CC(N7)=C2C=8C=CC=CC8)C=9C=CC=CC9
919-30-2,O(CC)[Si](OCC)(OCC)CCCN
920-46-7,O=C(Cl)C(=C)C
920-66-1,FC(F)(F)C(O)C(F)(F)F
922-67-8,O=C(C#C)OC
926-02-3,O(C=C)C(C)(C)C
927-58-2,O=C(Cl)CCCBr
927-74-2,C#CCCO
928-90-5,C#CCCCCO
929-37-3,OCCOCCOC=C
929-59-9,O(CCOCCN)CCN
930-30-3,O=C1C=CCC1
930-36-9,N1=CC=CN1C
930-68-7,O=C1C=CCCC1
933-67-5,C1=CC=2C=CNC2C(=C1)C
934-00-9,OC1=CC=CC(OC)=C1O
935-04-6,C=COCC1=CC=CC=C1
936-59-4,O=C(C=1C=CC=CC1)CCCl
937-14-4,O=C(OO)C=1C=CC=C(Cl)C1
937-30-4,O=C(C1=CC=C(C=C1)CC)C
939-23-1,N=1C=CC(=CC1)C=2C=CC=CC2
939-26-4,BrCC=1C=CC=2C=CC=CC2C1
939-97-9,O=CC1=CC=C(C=C1)C(C)(C)C
941-69-5,O=C1C=CC(=O)N1C=2C=CC=CC2
942-26-7,Cl.ClC=1C=CC=2NC=C(C2C1)CCN
943-27-1,O=C(C1=CC=C(C=C1)C(C)(C)C)C
947-91-1,O=CC(C=1C=CC=CC1)C=2C=CC=CC2
948-65-2,C=1C=CC(=CC1)C2=CC=3C=CC=CC3N2
951-87-1,C1=CC=C(C=C1)C(C(C2=CC=CC=C2)N)N
993-22-6,[N-]=[N+]=[N-].CCCC[N+](CCCC)(CCCC)CCCC
994-30-9,Cl[Si](CC)(CC)CC
998-40-3,P(CCCC)(CCCC)CCCC
999-97-3,N([Si](C)(C)C)[Si](C)(C)C
1003-09-4,BrC=1SC=CC1
1003-29-8,O=CC1=CC=CN1
1003-56-1,O=C1NC=CC=C1C
1005-31-8,CN(C)C1=CC=[N+](C=C1)[O-]
1005-56-7,S=C(Cl)OC=1C=CC=CC1
1006-94-6,O(C=1C=CC=2NC=CC2C1)C
1009-14-9,O=C(C=1C=CC=CC1)CCCC
1009-61-6,O=C(C1=CC=C(C=C1)C(=O)C)C
1011-65-0,COC(=O)C1=CC2=C(C=C1)NC=C2
1013-88-3,N=C(C=1C=CC=CC1)C=2C=CC=CC2
1060-92-0,C1=C(C=C(C=C1C(F)(F)F)NC(=S)NC2=CC(=CC(=C2)C(F)(F)F)C(F)(F)F)C(F)(F)F
1066-33-7,O=C(O)O.N
1066-35-9,Cl[SiH](C)C
1066-54-2,C#C[Si](C)(C)C
1067-25-0,O(C)[Si](OC)(OC)CCC
1067-74-9,O=C(OC)CP(=O)(OCC)OCC
1068-55-9,C[CH-]C.[Mg+2].[Cl-]
1068-90-2,O=C(NC(C(=O)OCC)C(=O)OCC)C
1070-89-9,C[Si](C)(C)[N-][Si](C)(C)C.[Na+]
1071-46-1,O=C(O)CC(=O)OCC
1072-85-1,FC=1C=CC=CC1Br
1072-97-5,BrC1=CN=C(N)C=C1
1072-98-6,ClC1=CN=C(N)C=C1
1073-70-7,Cl.ClC1=CC=C(C=C1)NN
1074-82-4,C1=CC=C2C(=C1)C(=O)[N-]C2=O.[K+]
1074-88-0,O=CC1=CC=CC=2C=CNC12
1076-43-3,C=1C=CC=CC1
1078-19-9,O=C1C2=CC=C(OC)C=C2CCC1
1099-45-2,O=C(OCC)C=P(C=1C=CC=CC1)(C=2C=CC=CC2)C=3C=CC=CC3
1100-88-5,[Cl-].C=1C=CC(=CC1)C[P+](C=2C=CC=CC2)(C=3C=CC=CC3)C=4C=CC=CC4
1109-15-5,FC=1C(F)=C(F)C(B(C=2C(F)=C(F)C(F)=C(F)C2F)C=3C(F)=C(F)C(F)=C(F)C3F)=C(F)C1F
1112-39-6,O(C)[Si](OC)(C)C
1112-67-0,[Cl-].CCCC[N+](CCCC)(CCCC)CCCC
1113-12-8,C=CC[Si](C)(C)CC=C
1114-34-7,O=CC(O)C(O)C(O)CO
1118-61-2,N#CC=C(N)C
1119-51-3,BrCCCC=C
1119-60-4,O=C(O)CCCCC=C
1120-73-6,O=C1C(=CCC1)C
1120-90-7,IC=1C=NC=CC1
1121-18-2,CC1=CCCCC1=O
1122-28-7,N#CC=1N=CNC1C#N
1122-44-7,O=C1N=CC(I)=C(N)N1
1122-58-3,N=1C=CC(=CC1)N(C)C
1122-91-4,O=CC1=CC=C(Br)C=C1
1123-99-5,C1=CC=C2C(=C1)N=C(S2)I
1126-00-7,N1=CC=CN1C=2C=CC=CC2
1127-59-9,O=C1NC=2C(=CC=CC2C)C1=O
1129-65-3,C(#CCCCC)C=1C=CC=CC1
1132-05-4,CC(=O)C1=CC(=C(C=C1)O)CC=C
1136-86-3,O=C(C1=CC(OC)=C(OC)C(OC)=C1)C
1141-88-4,S(SC=1C=CC=CC1N)C=2C=CC=CC2N
1142-19-4,ClC1=CC=C(SSC2=CC=C(Cl)C=C2)C=C1
1142-20-7,O=C(OCC=1C=CC=CC1)NC(C(=O)O)C
1152-61-0,O=C(O)CC(NC(=O)OCC=1C=CC=CC1)C(=O)O
1184-54-9,CO.CO.[Cu]
1184-55-0,C[O-].C[O-].[Zn+2]
1187-42-4,N#CC(N)=C(C#N)N
1189-71-5,O=C=NS(=O)(=O)Cl
1191-15-7,CC(C)C[AlH]CC(C)C
1191-47-5,CCC[CH2-].CCC[CH2-].[Mg+2]
1191-62-4,SCCCCCCCCS
1191-99-7,O1C=CCC1
1193-62-0,COC(=O)C1=CC=CN1
1193-82-4,O=S(C=1C=CC=CC1)C
1194-02-1,N#CC1=CC=C(F)C=C1
1196-69-6,C1=CC2=C(C=CN2)C=C1C=O
1196-70-9,C1=CC(=CC2=C1C=CN2)C=O
1197-55-3,O=C(O)CC1=CC=C(N)C=C1
1201-31-6,O=C(O)C1=CC(F)=C(F)C(F)=C1F
1202-04-6,O=C(OC)C1=CC=2C=CC=CC2N1
1203-68-5,O=CC=1C=CC=CC1C=2C=CC=CC2
1212-29-9,S=C(NC1CCCCC1)NC2CCCCC2
1271-19-8,[Cl-][Ti+4]12345678([Cl-])([CH]=9[CH]4=[CH]3[CH-]2[CH]91)[CH]=%10[CH]8=[CH]7[CH-]6[CH]%105
1295-35-8,C1CC=CCCC=C1.C1CC=CCCC=C1.[Ni]
1303-50-0,Cl[Au-](Cl)(Cl)Cl.[H]O[H].[H]O[H].[H]O[H].[H]O[H].[H+]
1309-48-4,O=[Mg]
1310-58-3,[OH-].[K+]
1310-66-3,[Li+].O.[OH-]
1310-73-2,[OH-].[Na+]
1313-13-9,O=[Mn]=O
1313-30-0,[Na+].O=[Mo+4]1234[O-2][Mo+4]567(=O)[O-2][Mo+4]89(=O)([O-2]1)[O-2][Mo+4]%10%11%12(=O)[O-2][Mo+4]%13%14(=O)([O-2]2)[O-2][Mo+4]%15%16(=O)([O-2]3)[O-2][Mo+4]%17%18(=O)([O-2]5)[O-2][Mo+4]%19%20(=O)([O-2]6)[O-2][Mo+4]%21(=O)([O-2]8)([O-2]%10)[O-2][Mo+4]%22%23(=O)([O-2]%19)[O-2][Mo+4]%24(=O)([O-2]%15)([O-2]%17)[O-2][Mo+4](=O)([O-2]%13)([O-2]%11)([O-2]%22)[O-]%14%12P(=O479)([O-]%16%18%24)[O-]%20%21%23
1313-82-2,[Na+].[Na+].[SH-]
1314-56-3,
1314-80-3,[P].[S]
1317-38-0,[O-2].[Cu+2]
1317-39-1,O=[Cu].[Cu]
1321-74-0,
1330-20-7,
1336-21-6,O[NH4]
1343-88-0,
1344-28-1,
1344-43-0,O=[Mn]
1443-80-7,N#CC1=CC=C(C=C1)C(=O)C
1444-94-6,O=C1NC(=O)C2CCCCC12
1449-46-3,[Br-].C=1C=CC(=CC1)C[P+](C=2C=CC=CC2)(C=3C=CC=CC3)C=4C=CC=CC4
1458-98-6,BrCC(=C)C
1468-83-3,O=C(C1=CSC=C1)C
1483-72-3,[Cl-].[I+](C=1C=CC=CC1)C=2C=CC=CC2
1485-07-0,OCCC=1C=CC=2C=CC=CC2C1
1485-70-7,O=C(NCC=1C=CC=CC1)C=2C=CC=CC2
1489-69-6,O=CC1CC1
1490-25-1,O=C(Cl)CCC(=O)OC
1493-13-6,O=S(=O)(O)C(F)(F)F
1493-27-2,O=N(=O)C=1C=CC=CC1F
1499-10-1,C=1C=CC(=CC1)C=2C=3C=CC=CC3C(C=4C=CC=CC4)=C5C=CC=CC52
1499-21-4,O=P(Cl)(C=1C=CC=CC1)C=2C=CC=CC2
1499-55-4,O=C(O)C(N)CCC(=O)OC
1501-05-9,O=C(O)CCCC(=O)C=1C=CC=CC1
1504-06-9,O=C1NC=2C=CC=CC2C1C
1513-65-1,FC=1N=C(F)C=CC1
1517-63-1,OC(C=1C=CC=CC1)C2=CC=C(C=C2)C
1527-89-5,N#CC1=CC=CC(OC)=C1
1530-32-1,[Br-].C=1C=CC(=CC1)[P+](C=2C=CC=CC2)(C=3C=CC=CC3)CC
1532-84-9,N=1C=CC=2C=CC=CC2C1N
1538-75-6,O=C(OC(=O)C(C)(C)C)C(C)(C)C
1556-34-9,C1=CC=C2C(=C1)C(=C3C=CC=CC3=N2)CBr
1560-54-9,[Br-].C=CC[P+](C=1C=CC=CC1)(C=2C=CC=CC2)C=3C=CC=CC3
1564-64-3,BrC=1C=2C=CC=CC2C=C3C=CC=CC31
1568-70-3,COC1=CC(=C(C=C1)O)[N+](=O)[O-]
1569-69-3,SC1CCCCC1
1571-08-0,O=CC1=CC=C(C=C1)C(=O)OC
1575-37-7,BrC1=CC=C(N)C(N)=C1
1582-24-7,B(C1=C(C(=C(C(=C1F)F)F)F)F)(O)O
1597-32-6,C1=CC(=NC(=C1)F)N
1603-40-3,N=1C=CC=C(C1N)C
1603-41-4,N=1C=C(C=CC1N)C
1603-79-8,O=C(OCC)C(=O)C=1C=CC=CC1
1633-05-2,C(=O)([O-])[O-].[Sr+2]
1634-04-4,O(C)C(C)(C)C
1643-19-2,[Br-].CCCC[N+](CCCC)(CCCC)CCCC
1646-26-0,O=C(C=1OC=2C=CC=CC2C1)C
1655-07-8,O=C(OCC)C1C(=O)CCCC1
1658-42-0,O=C(OC)CC1=NC=CC=C1
1660-04-4,O=C(C)C12CC3CC(CC(C3)C1)C2
1663-39-4,O=C(OC(C)(C)C)C=C
1663-45-2,C=1C=CC(=CC1)P(C=2C=CC=CC2)CCP(C=3C=CC=CC3)C=4C=CC=CC4
1666-13-3,[Se]([Se]C=1C=CC=CC1)C=2C=CC=CC2
1670-46-8,O=C(C)C1C(=O)CCC1
1670-87-7,O=C(N)C=1C=CC=2NC=CC2C1
1679-18-1,ClC1=CC=C(C=C1)B(O)O
1687-53-2,OC1=CC(N)=CC=C1OC
1693-74-9,O1CCCC1
1694-31-1,O=C(OC(C)(C)C)CC(=O)C
1694-92-4,O=N(=O)C=1C=CC=CC1S(=O)(=O)Cl
1701-93-5,C(#N)[S-].[Ag+]
1702-42-7,[I-].CCCC[P+](C)(CCCC)CCCC
1707-03-5,O=P(O)(C=1C=CC=CC1)C=2C=CC=CC2
1712-70-5,ClC1=CC=C(C=C1)C(=C)C
1732-66-7,CC1=CC(=C(C(=C1)C)PC2=C(C=C(C=C2C)C)C)C
1745-81-9,OC=1C=CC=CC1CC=C
1747-60-0,N1=C(SC=2C=C(OC)C=CC12)N
1761-61-1,O=CC1=CC(Br)=CC=C1O
1761-62-2,O=CC1=CC(I)=CC=C1O
1762-95-4,N#CS.N
1772-03-8,Cl.O=CC(N)C(O)C(O)C(O)CO
1774-47-6,[I-].O=[S+](C)(C)C
1778-09-2,O=C(C1=CC=C(SC)C=C1)C
1779-49-3,[Br-].C=1C=CC(=CC1)[P+](C=2C=CC=CC2)(C=3C=CC=CC3)C
1783-96-6,O=C(O)CC(N)C(=O)O
1791-13-5,CC(C)(C)OC(=O)CC(C(=O)OC(C)(C)C)N.Cl
1792-81-0,OC1CCCCC1O
1798-09-0,O=C(O)CC=1C=CC=C(OC)C1
1806-29-7,OC=1C=CC=CC1C=2C=CC=CC2O
1824-81-3,N=1C(N)=CC=CC1C
1824-94-8,OCC1OC(OC)C(O)C(O)C1O
1825-00-9,OC1COC(OC)C(O)C1O
1825-61-2,O(C)[Si](C)(C)C
1830-54-2,O=C(OC)CC(=O)CC(=O)OC
1863-63-4,O=C(O)C=1C=CC=CC1.N
1885-38-7,N#CC=CC=1C=CC=CC1
1895-39-2,C(=O)(C(F)(F)Cl)[O-].[Na+]
1912-43-2,O=C(O)CC=1C=2C=CC=CC2NC1C
1918-77-0,O=C(O)CC=1SC=CC1
1923-70-2,O=Cl(=O)(=O)[O-].CCCC[N+](CCCC)(CCCC)CCCC
1945-84-2,C#CC1=NC=CC=C1
2026-48-4,OCC(N)C(C)C
2031-62-1,O(CC)[SiH](OCC)C
2032-34-0,N#CCC(OCC)OCC
2032-35-1,BrCC(OCC)OCC
2033-24-1,O=C1OC(OC(=O)C1)(C)C
2037-26-5,C=1C=CC(=CC1)C
2039-82-9,BrC1=CC=C(C=C)C=C1
2039-88-5,BrC=1C=CC=CC1C=C
2039-96-5,C[Si](C)(C)CCCS(=O)(=O)[O-].[Na+]
2040-05-3,O=C(C=1C(Cl)=CC=CC1Cl)C
2043-61-0,O=CC1CCCCC1
2050-43-3,O=C(NC1=CC=C(C=C1C)C)C
2051-95-8,O=C(O)CCC(=O)C=1C=CC=CC1
2058-74-4,O=C1C(=O)N(C=2C=CC=CC12)C
2113-51-1,IC=1C=CC=CC1C=2C=CC=CC2
2116-84-9,O([Si](O[Si](C)(C)C)(O[Si](C)(C)C)C=1C=CC=CC1)[Si](C)(C)C
2124-31-4,O=C(C1=CC=C(C=C1)N(C)C)C
2127-03-9,N=1C=CC=CC1SSC2=NC=CC=C2
2129-31-9,C1=CC=C(C=C1)P(C2=CC=CC=C2)C3=CC=C(C=C3)C(=O)O
2133-40-6,Cl.O=C(OC)C1NCCC1
2142-70-3,CC(=O)C1=CC=CC=C1I
2158-14-7,[N-]=[N+]=NS(=O)(=O)C1=CC=C(C=C1)NC(=O)C
2170-06-1,C[Si](C)(C)C#CC1=CC=CC=C1
2175-91-9,CC(=C1C=CC=C1)C
2182-55-0,O(C=C)C1CCCCC1
2198-53-0,O=C(NC=1C(=CC=CC1C)C)C
2198-54-1,O=C(NC1=CC=C(C(=C1)C)C)C
2206-27-1,O=S(C)C
2208-07-3,Cl.N=C(OCC)C
2213-63-0,ClC=1N=C2C=CC=CC2=NC1Cl
2216-69-5,O(C1=CC=CC=2C=CC=CC12)C
2232-12-4,O=C1N(I)C(=O)C(N1I)(C)C
2343-89-7,O=C(OC)C(F)=C
2359-09-3,O=C(O)C=1C=C(C=C(C1)C(C)(C)C)C(=O)O
2373-98-0,OC=1C=C(C=CC1N)C2=CC=C(N)C(O)=C2
2388-07-0,[Li+].CC[O-]
2389-45-9,O=C(OCC=1C=CC=CC1)NCCCCC(NC(=O)OC(C)(C)C)C(=O)O
2399-48-6,O=C(OCC1OCCC1)C=C
2402-78-0,ClC=1N=C(Cl)C=CC1
2414-98-4,CC[O-].CC[O-].[Mg+2]
2416-94-6,OC=1C(=CC=C(C1C)C)C
2420-87-3,O=C1OC(=O)C2=CC(=CC=C12)C=3C=CC=4C(=O)OC(=O)C4C3
2439-85-2,O=C1C=2C=CC=CC2C(=O)N1Br
2446-83-5,O=C(N=NC(=O)OC(C)C)OC(C)C
2455-24-5,O=C(OCC1OCCC1)C(=C)C
2460-59-5,O=CC=1C=C(C=C(C1O)N(=O)=O)N(=O)=O
2462-32-0,Cl.O=C(OCC=1C=CC=CC1)C(N)CC=2C=CC=CC2
2471-70-7,O=C(O)C1=CC=C2C=C(OC)C=CC2=C1
2488-01-9,C=1C=C(C=CC1[SiH](C)C)[SiH](C)C
2488-15-5,O=C(OC(C)(C)C)NC(C(=O)O)CCSC
2491-20-5,Cl.O=C(OC)C(N)C
2493-02-9,O=C=NC1=CC=C(Br)C=C1
2550-26-7,O=C(C)CCC=1C=CC=CC1
2551-83-9,O(C)[Si](OC)(OC)CC=C
2556-53-8,C[O-].C[O-].[Ca+2]
2564-83-2,
2566-22-5,O=C(O)C(NC(=O)C=1C=CC=CC1)CC=2C=CC=CC2
2586-62-1,BrC=1C=2C=CC=CC2C=CC1C
2589-57-3,O=C(OC)C(N=NC(C(=O)OC)(C)C)(C)C
2592-95-2,ON1N=NC=2C=CC=CC21
2605-67-6,O=C(OC)C=P(C=1C=CC=CC1)(C=2C=CC=CC2)C=3C=CC=CC3
2622-14-2,P(C1CCCCC1)(C2CCCCC2)C3CCCCC3
2627-86-3,NC(C=1C=CC=CC1)C
2687-12-9,ClCC=CC=1C=CC=CC1
2687-43-6,Cl.O(N)CC=1C=CC=CC1
2700-22-3,N#CC(C#N)=CC=1C=CC=CC1
2712-78-9,O=C(OI(OC(=O)C(F)(F)F)C=1C=CC=CC1)C(F)(F)F
2731-06-8,NCCC=1C=2C=CC=CC2NC1C
2748-02-9,CC(C)CC(C(=O)OC(C)(C)C)N.Cl
2749-11-3,OCC(N)C
2783-17-7,NCCCCCCCCCCCCN
2835-06-5,O=C(O)C(N)C=1C=CC=CC1
2835-77-0,O=C(C=1C=CC=CC1)C=2C=CC=CC2N
2845-89-8,ClC1=CC=CC(OC)=C1
2857-97-8,Br[Si](C)(C)C
2885-00-9,SCCCCCCCCCCCCCCCCCC
2886-59-1,O(C1=CCC=CC1)C
2899-29-8,OCC(N)CC1=CNC=2C=CC=CC21
2899-37-8,OCC(N)CCSC
2900-27-8,CC(C)(C)OC(=O)NC(C1=CC=CC=C1)C(=O)O
2905-82-0,COC1=CC(=C(C=C1)O)C(=O)OC
2923-16-2,C(=O)(C(F)(F)F)[O-].[K+]
2923-18-4,C(=O)(C(F)(F)F)[O-].[Na+]
2923-28-6,C(F)(F)(F)S(=O)(=O)[O-].[Ag+]
2935-35-5,O=C(O)C(N)C=1C=CC=CC1
2937-50-0,O=C(Cl)OCC=C
2950-43-8,O=S(=O)(O)ON
2966-50-9,C(=O)(C(F)(F)F)[O-].[Ag+]
2996-92-1,O(C)[Si](OC)(OC)C=1C=CC=CC1
3027-38-1,O=C1OC(=O)C2=CC(=CC3=CC=CC1=C32)N(=O)=O
3033-62-3,O(CCN(C)C)CCN(C)C
3047-32-3,OCC1(COC1)CC
3058-39-7,N#CC1=CC=C(I)C=C1
3082-62-0,NC(C=1C=CC=2C=CC=CC2C1)C
3109-63-5,[F-][P+5]([F-])([F-])([F-])([F-])[F-].CCCC[N+](CCCC)(CCCC)CCCC
3112-85-4,O=S(=O)(C=1C=CC=CC1)C
3121-61-7,O=C(OCCOC)C=C
3132-64-7,BrCC1OC1
3132-99-8,O=CC=1C=CC=C(Br)C1
3144-09-0,O=S(=O)(N)C
3144-16-9,O=C1CC2CCC1(CS(=O)(=O)O)C2(C)C
3150-24-1,O=N(=O)C1=CC=C(OC2OC(CO)C(O)C(O)C2O)C=C1
3153-36-4,O=C(OCC)CCCCl
3153-37-5,O=C(OC)CCCCl
3162-29-6,O=C(C1=CC=C2OCOC2=C1)C
3195-78-6,O=C(N(C=C)C)C
3209-13-0,OC=1C=C(OC)C=C(C1)C
3240-34-4,O=C(OI(OC(=O)C)C=1C=CC=CC1)C
3264-82-2,O1=C([CH-]C(=O[Ni+2]12O=C([CH-]C(=O2)C)C)C)C
3279-76-3,O=C1C=CC=C(N1)C
3282-30-2,O=C(Cl)C(C)(C)C
3282-99-3,NC1=CC=C(C=C1)C2(C3=CC=C(N)C=C3)CCCCC2
3303-84-2,O=C(OC(C)(C)C)NCCC(=O)O
3328-69-6,C1=CC(=C(C(=C1)C=O)O)C=O
3342-78-7,O=C(O)CC=1C=CC=CC1N
3355-28-0,BrCC#CC
3375-31-3,CC(=O)[O-].CC(=O)[O-].[Pd+2]
3395-91-3,O=C(OC)CCBr
3396-11-0,CC(=O)[O-].[Cs+]
3403-25-6,CC(C)(C)OC(=O)C(CC1=CC=CC=C1)N.Cl
3411-95-8,OC=1C=CC=CC1C2=NC=3C=CC=CC3S2
3414-94-6,S=C1NN=C(N1)C=2C=CC=CC2
3417-91-2,Cl.O=C(OC)C(N)CC1=CC=C(O)C=C1
3420-02-8,CC1=CC2=C(C=C1)C=CN2
3424-93-9,O=C(N)C1=CC=C(OC)C=C1
3457-45-2,CC(=O)C1=CC=C(C=C1)C=O
3458-28-4,O=CC(O)C(O)C(O)C(O)CO
3469-26-9,O(C=1C=CC2=CC=C(OC)C=C2C1)C
3470-98-2,O=C1N(CCC1)CCCC
3473-63-0,O=C(O)C.N=CN
3481-09-2,O=C1C=2C=CC=CC2C(=O)N1Cl
3483-12-3,OC(CS)C(O)CS
3558-24-5,C=1C=CC(=CC1)C2=CC=3C=CC=CC3N2C
3558-69-8,N=1C(=CC=CC1C=2C=CC=CC2)C=3C=CC=CC3
3565-26-2,O=NC=1C=CC(O)=C2N=CC=CC12
3587-60-8,ClCOCC=1C=CC=CC1
3609-53-8,CC(=O)C1=CC=C(C=C1)C(=O)OC
3695-77-0,SC(C=1C=CC=CC1)(C=2C=CC=CC2)C=3C=CC=CC3
3709-18-0,O=C1OC(OC(=O)C1C)(C)C
3724-10-5,O=C(O)C=1C=CC=CC1SC
3724-65-0,O=C(O)C=CC
3731-51-9,N=1C=CC=CC1CN
3764-01-0,ClC=1N=C(Cl)C=C(Cl)N1
3770-50-1,O=C(OCC)C1=CC=2C=CC=CC2N1
3811-73-2,C1=CC(=S)N(C=C1)[O-].[Na+]
3842-55-5,ClC=1N=C(N=C(N1)C=2C=CC=CC2)C=3C=CC=CC3
3878-44-2,[Se]=P(C=1C=CC=CC1)(C=2C=CC=CC2)C=3C=CC=CC3
3878-45-3,S=P(C=1C=CC=CC1)(C=2C=CC=CC2)C=3C=CC=CC3
3886-70-2,NC(C1=CC=CC=2C=CC=CC21)C
3900-89-8,B(C1=CC=CC=C1Cl)(O)O
3945-69-5,[Cl-].N=1C(=NC(=NC1OC)[N+]2(C)CCOCC2)OC
3978-80-1,O=C(OC(C)(C)C)NC(C(=O)O)CC1=CC=C(O)C=C1
3982-91-0,S=P(Cl)(Cl)Cl
4039-32-1,[Li].C[Si](C)(C)N[Si](C)(C)C
4068-75-1,O=C(OC)C1=CC(I)=CC=C1O
4084-38-2,FC=1C=C(F)C(F)=C(C1F)CO
4122-56-9,COC(=O)C1=CC=CC=C1C=O
4132-28-9,OC1OC(COCC=2C=CC=CC2)C(OCC=3C=CC=CC3)C(OCC=4C=CC=CC4)C1OCC=5C=CC=CC5
4144-62-1,O=C(O)CCCCC(=O)C=1C=CC=CC1
4152-09-4,NCCNCC=1C=CC=CC1
4180-23-8,O(C1=CC=C(C=C1)C=CC)C
4187-87-5,C#CC(O)C=1C=CC=CC1
4192-28-3,CC(C(=O)O)N1C(=O)C2=CC=CC=C2C1=O
4206-67-1,IC[Si](C)(C)C
4210-32-6,N#CC1=CC=C(C=C1)C(C)(C)C
4214-73-7,N#CC1=CN=C(N)C=C1
4214-76-0,O=N(=O)C1=CN=C(N)C=C1
4229-44-1,Cl.ONC
4246-51-9,O(CCOCCCN)CCOCCCN
4248-19-5,O=C(OC(C)(C)C)N
4277-29-6,O=CC1CCCCCC1
4363-93-3,O=CC=1C=CN=C2C=CC=CC21
4376-18-5,O=C(O)C=1C=CC=CC1C(=O)OC
4379-54-8,C1=CC=C2C=C3C(=CC2=C1)C(=O)NC3=O
4392-24-9,BrCC=CC=1C=CC=CC1
4419-11-8,N#CC(N=NC(C#N)(C)CC(C)C)(C)CC(C)C
4424-06-0,O=C1C2=CC=C3C4=NC=5C=CC=CC5N4C(=O)C=6C=CC(C7=NC=8C=CC=CC8N17)=C2C63
4433-01-6,C1=CC(=C(N=C1)C2=C(C=CC=N2)C(=O)O)C(=O)O
4437-51-8,O=C(C(=O)CC)CC
4472-41-7,O=CN(C)C
4488-22-6,NC=1C=CC=2C=CC=CC2C1C3=C(N)C=CC=4C=CC=CC43
4530-20-5,O=C(OC(C)(C)C)NCC(=O)O
4532-96-1,N=1C=CN(C1)C(C)C
4541-14-4,OCCCCOCC=1C=CC=CC1
4630-82-4,O=C(OC)C1CCCCC1
4648-54-8,[N-]=[N+]=N[Si](C)(C)C
4667-99-6,Cl[Si](OCC)(OCC)OCC
4670-56-8,O=C(OC)C1=CC=C(C=C1O)C
4702-13-0,O=C(O)CN1C(=O)C=2C=CC=CC2C1=O
4717-96-8,O1CCC(C)CC1
4731-65-1,O(C=1C=CC=CC1P(C=2C=CC=CC2OC)C=3C=CC=CC3OC)C
4792-58-9,O=C(OCC)C1=CC=2C=C(OC)C=CC2N1
4792-67-0,O=C(OCC)C1=CC=2C=C(Cl)C=CC2N1
4885-02-3,ClC(Cl)OC
4891-38-7,COC(=O)C#CC1=CC=CC=C1
4894-61-5,ClCC=CC
4920-77-8,O=N(=O)C=1C(O)=CC=CC1C
4984-82-1,[CH-]1C=CC=C1.[Na+]
4994-16-5,C=1C=CC(=CC1)C2CC=CCC2
5029-67-4,IC1=NC=CC=C1
5057-98-7,OC1CCCC1O
5057-99-8,OC1CCCC1O
5098-14-6,N#CC(C#N)N.O=S(=O)(O)C1=CC=C(C=C1)C
5137-55-3,[Cl-].CCCCCCCC[N+](C)(CCCCCCCC)CCCCCCCC
5153-67-3,O=N(=O)C=CC=1C=CC=CC1
5159-41-1,IC=1C=CC=CC1CO
5162-44-7,BrCCC=C
5192-03-0,NC=1C=CC=2NC=CC2C1
5205-39-0,O=C(Cl)CCCC(=O)OCC
5292-43-3,O=C(OC(C)(C)C)CBr
5324-84-5,CCCCCCCCS(=O)(=O)O.[Na]
5331-43-1,O=C(OCC=1C=CC=CC1)NN
5335-87-5,COC1=CC=C(C=C1)SSC2=CC=C(C=C2)OC
5344-90-1,OCC=1C=CC=CC1N
5348-42-5,ClC=1C=C(N)C(N)=CC1Cl
5380-42-7,O=C(OC)C=1SC=CC1
5382-16-1,OC1CCNCC1
5392-40-5,O=CC=C(C)CCC=C(C)C
5396-89-4,O=C(OCC=1C=CC=CC1)CC(=O)C
5413-05-8,O=C(OCC)C(C=1C=CC=CC1)C(=O)C
5419-55-6,O(B(OC(C)C)OC(C)C)C(C)C
5428-89-7,ClC1=CN=C(N=C1)N
5431-44-7,O=CC=1N=C(C=O)C=CC1
5435-64-3,O=CCC(C)CC(C)(C)C
5436-21-5,O=C(C)CC(OC)OC
5446-02-6,O=C(OC)C1=CC=C(OC)C=C1O
5465-63-4,Cl.BrC=1C=CC=CC1CN
5470-11-1,Cl.ON
5470-96-2,O=CC=1N=C2C=CC=CC2=CC1
5471-63-6,O1C(C=2C=CC=CC2)=C3C=CC=CC3=C1C=4C=CC=CC4
5497-76-7,Cl.O=C(OC(C)(C)C)C1NCCC1
5557-83-5,Cl.O=C(OCC=1C=CC=CC1)C(N)C
5558-66-7,O=C(O)C(C=1C=CC=CC1)(C=2C=CC=CC2)C
5614-37-9,O(C)C1CCCC1
5680-79-5,Cl.O=C(OC)CN
5680-80-8,Cl.O=C(OC)C(N)CO
5720-05-8,OB(O)C1=CC=C(C=C1)C
5720-06-9,OB(O)C=1C=CC=CC1OC
5720-07-0,OB(O)C1=CC=C(OC)C=C1
5743-26-0,CC(=O)[O-].CC(=O)[O-].O.[Ca+2]
5794-24-1,C(C(C(=O)O)N)C(=O)N.O
5807-14-7,N1=C2NCCCN2CCC1
5824-40-8,C1=CC=C(C=C1)C(C2=CC=CC=C2)(C3=CC=CC=C3)N
5875-25-2,O=C(N)C(Br)C
5891-21-4,O=C(C)CCCCl
5993-91-9,Cl.N=1C=2C=CC=CC2NC1CN
6018-89-9,CC(=O)[O-].CC(=O)[O-].O.O.O.O.[Ni+2]
6046-93-1,CC(=O)[O-].CC(=O)[O-].O.[Cu+2]
6066-82-6,O=C1N(O)C(=O)CC1
6089-09-4,O=C(O)CCC#C
6094-02-6,C=C(C)CCCC
6147-53-1,CC(=O)[O-].CC(=O)[O-].O.O.O.O.[Co+2]
6163-58-2,C=1C=CC(=C(C1)P(C=2C=CC=CC2C)C=3C=CC=CC3C)C
6192-52-5,O=S(=O)(O)C1=CC=C(C=C1)C.O
6213-94-1,O(C=C)[Si](C)(C)C
6224-91-5,C(#C[Si](C)(C)C)C
6231-18-1,N=1C(OC)=CC=CC1OC
6276-54-6,Cl.ClCCCN
6303-21-5,O=[PH2]O
6306-52-1,Cl.O=C(OC)C(N)C(C)C
6326-79-0,C1=CC2=C(C=C1Br)NC(=O)C2=O
6341-92-0,C1=CC2=C(C=C1Cl)NC(=O)C2=O
6344-05-4,C1=CC2=C(C(=C1)Cl)C(=O)C(=O)N2
6381-59-5,C(C(C(=O)[O-])O)(C(=O)[O-])O.O.O.O.O.[Na+].[K+]
6427-66-3,[N-]=[N+]=NC1=CC=C(C=C1)C(=O)O
6443-90-9,C1=CC=NC=C1.ClI
6457-49-4,OCC1CCNCC1
6530-09-2,Cl.NC1CN2CCC1CC2
6531-35-7,O=C1C=2C=CC=CC2C(=O)C=3C=C(C(=CC13)C)C
6609-56-9,N#CC=1C=CC=CC1OC
6630-33-7,O=CC=1C=CC=CC1Br
6638-79-5,Cl.O(NC)C
6674-22-2,N1=C2N(CCC1)CCCCC2
6781-42-6,O=C(C1=CC=CC(=C1)C(=O)C)C
6783-05-7,B(C=CC1=CC=CC=C1)(O)O
6859-99-0,OC1CNCCC1
6876-37-5,Br.NC
6914-79-0,N#CC1(C(=O)O)CC1
6920-22-5,OCC(O)CCCC
6964-21-2,O=C(O)CC1=CSC=C1
6968-11-2,O=C(OCC=1C=CC=CC1)NC(C(=O)O)CSSCC(NC(=O)OCC=2C=CC=CC2)C(=O)O
6971-51-3,OCC=1C=CC=C(OC)C1
6976-37-0,OCCN(CCO)C(CO)(CO)CO
6976-93-8,O=C(OCCOC)C(=C)C
7051-34-5,BrCC1CC1
7080-50-4,CC1=CC=C(C=C1)S(=O)(=O)[N-]Cl.O.O.O.[Na+]
7085-55-4,O=C1C(OC2OC(COC3OC(C)C(O)C(O)C3O)C(O)C(O)C2O)=C(OC4=CC(OCCO)=CC(O)=C14)C=5C=CC(OCCO)=C(OCCO)C5
7087-68-5,N(CC)(C(C)C)C(C)C
7143-01-3,O=S(=O)(OS(=O)(=O)C)C
7152-42-3,S1C=2C=CC=CC2N(C=3C=CC=CC3)C=4C=CC=CC14
7226-23-5,O=C1N(C)CCCN1C
7311-34-4,O=CC=1C=C(OC)C=C(OC)C1
7379-35-3,Cl.ClC=1C=CN=CC1
7389-87-9,Cl.O=C(OC)C(N)CC1=CN=CN1
7425-63-0,COC(=O)C(=O)CBr
7433-78-5,C(=CCCCC)CCCC
7439-89-6,[Fe]
7439-95-4,[Mg]
7439-96-5,[Mn]
7440-02-0,[Ni]
7440-05-3,[Pd]
7440-16-6,[Rh]
7440-22-4,[Ag]
7440-44-0,[C]
7440-50-8,[Cu]
7440-66-6,[Zn]
7446-08-4,O=[Se]=O
7446-70-0,[Al](Cl)(Cl)Cl
7447-39-4,Cl[Cu]Cl
7447-40-7,[Cl-].[K+]
7447-41-8,[Li+].[Cl-]
7462-74-0,CC(C)(C(=O)N)Br
7463-31-2,O=C(NC1=CC=CC(=C1)C(=O)C)C
7468-67-9,C1=CC=C(C(=C1)C=O)C#N
7473-45-2,OCC1OC(OC)C(O)C1O
7477-63-6,C1=CC2=C(C(=C1)Cl)NC(=O)C2=O
7486-35-3,CCCC[Sn](CCCC)(CCCC)C=C
7487-88-9,[O-]S(=O)(=O)[O-].[Mg+2]
7517-19-3,Cl.O=C(OC)C(N)CC(C)C
7524-50-7,Cl.O=C(OC)C(N)CC=1C=CC=CC1
7524-52-9,Cl.O=C(OC)C(N)CC1=CNC=2C=CC=CC21
7529-22-8,O=N1(C)CCOCC1
7536-58-5,O=C(OC(C)(C)C)NC(C(=O)O)CC(=O)OCC=1C=CC=CC1
7550-35-8,[Li+].[Br-]
7550-45-0,Cl[Ti](Cl)(Cl)Cl
7553-56-2,II
7558-80-7,OP(=O)(O)[O-].[Na+]
7568-93-6,OC(C=1C=CC=CC1)CN
7601-54-9,[O-]P(=O)([O-])[O-].[Na+].[Na+].[Na+]
7631-86-9,O=[Si]=O
7631-90-5,OS(=O)[O-].[Na+]
7632-00-0,N(=O)[O-].[Na+]
7646-69-7,[H-].[Na+]
7646-78-8,Cl[Sn](Cl)(Cl)Cl
7646-79-9,[Cl-].[Cl-].[Co+2]
7646-85-7,Cl[Zn]Cl
7646-93-7,OS(=O)(=O)[O-].[K+]
7647-01-0,Cl
7647-10-1,Cl[Pd]Cl
7647-14-5,[Na+].[Cl-]
7647-15-6,[Na+].[Br-]
7647-17-8,[Cl-].[Cs+]
7664-38-2,O=P(O)(O)O
7664-41-7,N
7664-93-9,O=S(=O)(O)O
7677-24-9,N#C[Si](C)(C)C
7681-11-0,[K+].[I-]
7681-52-9,[O-]Cl.[Na+]
7681-57-4,[O-]S(=O)S(=O)(=O)[O-].[Na+].[Na+]
7681-65-4,[Cu+].[I-]
7681-82-5,[Na+].[I-]
7682-18-0,Cl.O=C(OC)C(N)CC
7688-25-7,C=1C=CC(=CC1)P(C=2C=CC=CC2)CCCCP(C=3C=CC=CC3)C=4C=CC=CC4
7693-46-1,O=C(Cl)OC1=CC=C(C=C1)N(=O)=O
7697-37-2,O=N(=O)O
7699-45-8,[Zn+2].[Br-].[Br-]
7704-34-9,[S]
7705-08-0,Cl[Fe](Cl)Cl
7718-54-9,Cl[Ni]Cl
7719-09-7,O=S(Cl)Cl
7720-83-4,[Ti](I)(I)(I)I
7722-64-7,[O-][Mn](=O)(=O)=O.[K+]
7722-84-1,OO
7723-14-0,[P]
7726-95-6,BrBr
7727-15-3,[Al](Br)(Br)Br
7727-21-1,[O-]S(=O)(=O)OOS(=O)(=O)[O-].[K+].[K+]
7757-82-6,[O-]S(=O)(=O)[O-].[Na+].[Na+]
7757-83-7,[O-]S(=O)[O-].[Na+].[Na+]
7758-19-2,[O-]Cl=O.[Na+]
7758-89-6,Cl[Cu]
7758-94-3,Cl[Fe]Cl
7761-88-8,[N+](=O)([O-])[O-].[Ag+]
7764-95-6,O=C(OC(C)(C)C)NC(C(=O)O)C
7772-98-7,[O-]S(=O)(=S)[O-].[Na+].[Na+]
7772-99-8,Cl[Sn]Cl
7774-74-5,SC=1SC=CC1
7775-14-6,[O-]S(=O)S(=O)[O-].[Na+].[Na+]
7775-41-9,[F-].[Ag+]
7778-53-2,[O-]P(=O)([O-])[O-].[K+].[K+].[K+]
7778-54-3,[O-]Cl.[O-]Cl.[Ca+2]
7778-77-0,OP(=O)(O)[O-].[K+]
7782-24-3,O=C(O)C(C=1C=CC=CC1)C
7782-26-5,O=C(O)C(C=1C=CC=CC1)C
7782-49-2,[Se]
7782-61-8,[N+](=O)([O-])[O-].[N+](=O)([O-])[O-].[N+](=O)([O-])[O-].O.O.O.O.O.O.O.O.O.[Fe+3]
7783-49-5,F[Zn]F
7785-26-4,C1=C(C)C2CC(C1)C2(C)C
7786-30-3,[Mg+2].[Cl-].[Cl-]
7787-60-2,Cl[Bi](Cl)Cl
7787-70-4,[Cu]Br
7789-20-0,O
7789-28-8,F[Fe]F
7789-29-9,
7789-38-0,[O-]Br(=O)=O.[Na+]
7789-43-7,[Co](Br)Br
7789-45-9,[Cu](Br)Br
7789-46-0,[Fe+2].[Br-].[Br-]
7789-48-2,[Mg+2].[Br-].[Br-]
7789-60-8,BrP(Br)Br
7789-78-8,[CaH2]
7790-28-5,[O-]I(=O)(=O)=O.[Na+]
7790-99-0,ClI
7791-03-9,[Li+].[O-]Cl(=O)(=O)=O
7791-11-9,[Cl-].[Rb+]
7791-13-1,O.O.O.O.O.O.[Cl-].[Cl-].[Co+2]
7791-20-0,O.O.O.O.O.O.[Cl-].[Cl-].[Ni+2]
7791-25-5,O=S(=O)(Cl)Cl
7803-57-8,O.NN
8006-28-8,
8015-34-3,OC[C@H]([C@H]([C@H]([C@H]1O)O)O)O[C@H]1OC2=CC=C(C=C2)C=O
8017-16-1,
8042-47-5,
9003-53-6,C=CC=1C=CC=CC1
10022-70-5,O.O.O.O.O.[O-]Cl.[Na+]
10025-69-1,O.Cl[Sn]Cl
10025-77-1,O.O.O.O.O.O.[Cl-].[Cl-].[Cl-].[Fe+3]
10025-78-2,Cl[SiH](Cl)Cl
10025-82-8,Cl[In](Cl)Cl
10025-83-9,Cl[Ir](Cl)Cl
10025-87-3,O=P(Cl)(Cl)Cl
10025-99-7,[K+].[Cl-][Pt+2]([Cl-])([Cl-])[Cl-]
10026-11-6,Cl[Zr](Cl)(Cl)Cl
10026-13-8,ClP(Cl)(Cl)(Cl)Cl
10026-22-9,[N+](=O)([O-])[O-].[N+](=O)([O-])[O-].O.O.O.O.O.O.[Co+2]
10028-18-9,F[Ni]F
10034-81-8,[O-]Cl(=O)(=O)=O.[O-]Cl(=O)(=O)=O.[Mg+2]
10034-85-2,I
10035-06-0,[N+](=O)([O-])[O-].[N+](=O)([O-])[O-].[N+](=O)([O-])[O-].O.O.O.O.O.[Bi+3]
10035-10-6,Br
10039-32-4,O.O.O.O.O.O.O.O.O.O.O.O.OP(=O)([O-])[O-].[Na+].[Na+]
10043-35-3,OB(O)O
10043-52-4,[Cl-].[Cl-].[Ca+2]
10049-05-5,Cl[Cr]Cl
10050-08-5,CC1=CC=CC=C1[Bi](C2=CC=CC=C2C)C3=CC=CC=C3C
10060-12-5,Cl[Cr](Cl)Cl.O
10075-50-0,BrC=1C=CC=2NC=CC2C1
10102-05-3,[N+](=O)([O-])[O-].[N+](=O)([O-])[O-].[Pd+2]
10102-17-7,O.O.O.O.O.[O-]S(=O)(=S)[O-].[Na+].[Na+]
10139-47-6,[Zn](I)I
10160-87-9,C#CC(OCC)OCC
10167-97-2,COC1=CN=C(C=C1)N
10196-18-6,[N+](=O)([O-])[O-].[N+](=O)([O-])[O-].O.O.O.O.O.O.[Zn+2]
10210-68-1,O#C[Co+2]12(C#O)(C#O)[C-2](=O)[Co+2]2(C#O)(C#O)(C#O)[C-2]1=O
10226-30-9,O=C(C)CCCCCl
10236-47-2,O=C1C2=C(O)C=C(OC3OC(CO)C(O)C(O)C3OC4OC(C)C(O)C(O)C4O)C=C2OC(C5=CC=C(O)C=C5)C1
10272-07-8,O(C=1C=C(OC)C=C(N)C1)C
10294-33-4,BrB(Br)Br
10294-34-5,ClB(Cl)Cl
10344-69-1,Cl.N=C(OCC)CC(=N)OCC
10365-94-3,N#CC=1C=C(C#N)C=C(C#N)C1
10377-51-2,[Li+].[I-]
10377-58-9,[Mg+2].[I-].[I-]
10387-40-3,CC(=O)[S-].[K+]
10420-89-0,NC(C1=CC=CC=2C=CC=CC21)C
10450-60-9,O=I(O)(O)(O)(O)O
10465-81-3,C1CCN(CC1)C(=O)N=NC(=O)N2CCCCC2
10472-24-9,O=C(OC)C1C(=O)CCC1
10485-09-3,C1C2=CC=CC=C2C=C1Br
10488-87-6,CCOC(=O)C(C)C(=O)C1=CC=CC=C1
10534-59-5,O=C([O-])C.CCCC[N+](CCCC)(CCCC)CCCC
10601-19-1,O=CC1=CNC=2C=CC(OC)=CC12
12007-01-1,
12012-95-2,[Cl-]1[Pd+2]23([Cl-][Pd+2]145[CH2]=[CH]5[CH2-]4)[CH2]=[CH]3[CH2-]2
12027-06-4,I[NH4]
12054-48-7,[OH-].[OH-].[Ni+2]
12125-02-9,Cl[NH4]
12135-22-7,[OH-].[OH-].[Pd+2]
12354-85-7,[Cl-][Rh+3]12345([Cl-][Rh+3]6789([Cl-])([Cl-]1)C=%10(C)C9(C)=C8(C)[C-]7(C)C%106C)C=%11(C)C5(C)=C4(C)[C-]3(C)C%112C
13029-09-9,BrC=1C=CC=CC1C=2C=CC=CC2Br
13031-43-1,O=C(OC1=CC=C(C=C1)C(=O)C)C
13033-84-6,Cl.O=C(OC)C(N)CC=1C=CC=CC1
13073-29-5,CC1=C(C(=CC=C1)[N+](=O)[O-])O
13081-32-8,CC(C)CC(C(=O)OC(C)(C)C)N.Cl
13134-31-1,C1=CN=C(C(=N1)N)N
13139-14-5,O=C(OC(C)(C)C)NC(C(=O)O)CC1=CNC=2C=CC=CC21
13139-15-6,O=C(OC(C)(C)C)NC(C(=O)O)CC(C)C
13139-16-7,O=C(OC(C)(C)C)NC(C(=O)O)C(C)CC
13154-24-0,Cl[Si](C(C)C)(C(C)C)C(C)C
13292-87-0,[H-][B+3]([H-])([H-])[S](C)C
13311-45-0,CCCC[N+](CCCC)(CCCC)CCCC.CCCC[N+](CCCC)(CCCC)CCCC.CCCC[N+](CCCC)(CCCC)CCCC.[I-].[I-].[I-]
13329-40-3,O=C(C1=CC=C(I)C=C1)C
13331-23-2,B(C1=CC=CO1)(O)O
13374-30-6,C1CCC(C(C1)N)O.Cl
13395-16-9,O1=C([CH-]C(=O[Cu+2]12O=C([CH-]C(=O2)C)C)C)C
13404-22-3,Cl.O=C(OC(C)(C)C)C(N)C
13410-01-0,[O-][Se](=O)(=O)[O-].[Na+].[Na+]
13433-00-6,Cl.O=C(OCC)C(N)C(=O)OCC
13450-90-3,Cl[Ga](Cl)Cl
13453-07-1,Cl[Au](Cl)Cl
13462-88-9,Br[Ni]Br
13466-41-6,CC1=CC(=O)NC=C1
13472-35-0,O.O.OP(=O)(O)[O-].[Na+]
13476-99-8,O1=C([CH-]C(=O[V+3]123(O=C([CH-]C(=O2)C)C)O=C([CH-]C(=O3)C)C)C)C
13478-00-7,[N+](=O)([O-])[O-].[N+](=O)([O-])[O-].O.O.O.O.O.O.[Ni+2]
13478-33-6,[O-]Cl(=O)(=O)=O.[O-]Cl(=O)(=O)=O.[Co]
13494-80-9,[Te]
13517-10-7,IB(I)I
13518-40-6,CC(C)C(C(=O)OC(C)(C)C)N.Cl
13520-61-1,O.O.O.O.O.O.[O-]Cl(=O)(=O)=O.[O-]Cl(=O)(=O)=O.[Ni+2]
13534-99-1,BrC1=CC=CN=C1N
13569-65-8,O.O.O.Cl[Rh](Cl)Cl
13600-98-1,[Na+].O=[N-](=O)[Co+3]([N-](=O)=O)([N-](=O)=O)([N-](=O)=O)([N-](=O)=O)[N-](=O)=O
13716-10-4,ClP(C(C)(C)C)C(C)(C)C
13726-84-6,O=C(OC(C)(C)C)NC(C(=O)O)CCC(=O)OC(C)(C)C
13726-85-7,O=C(OC(C)(C)C)NC(C(=O)O)CCC(=O)N
13734-34-4,O=C(OC(C)(C)C)NC(C(=O)O)CC=1C=CC=CC1
13734-41-3,O=C(OC(C)(C)C)NC(C(=O)O)C(C)C
13746-66-2,[K+].N#[C-][Fe+3]([C-]#N)([C-]#N)([C-]#N)([C-]#N)[C-]#N
13755-29-8,[Na+].[F-][B+3]([F-])([F-])[F-]
13770-18-8,[O-]Cl(=O)(=O)=O.[O-]Cl(=O)(=O)=O.[Cu+2]
13811-71-7,O=C(OCC)C(O)C(O)C(=O)OCC
13813-19-9,O=S(=O)(O)O
13826-83-0,[F-][B+3]([F-])([F-])[F-].[NH4+]
13826-86-3,O=N[O+].[F-][B+3]([F-])([F-])[F-]
13922-41-3,OB(O)C1=CC=CC=2C=CC=CC21
13965-03-2,[Cl-][Pd+2]([Cl-])([P](C=1C=CC=CC1)(C=2C=CC=CC2)C=3C=CC=CC3)[P](C=4C=CC=CC4)(C=5C=CC=CC5)C=6C=CC=CC6
14024-18-1,O1=C([CH-]C(=O[Fe+3]123(O=C([CH-]C(=O2)C)C)O=C([CH-]C(=O3)C)C)C)C
14024-48-7,O1=C([CH-]C(=O[Co+2]12O=C([CH-]C(=O2)C)C)C)C
14044-65-6,[H-][B+3]([H-])([H-])O1CCCC1
14104-20-2,[Ag+].[F-][B+3]([F-])([F-])[F-]
14191-95-8,N#CCC1=CC=C(O)C=C1
14204-27-4,C1=CC=C(C=C1)SN2C(=O)C3=CC=CC=C3C2=O
14220-64-5,[Cl-][Pd+2]([Cl-])([N]#CC=1C=CC=CC1)[N]#CC=2C=CC=CC2
14221-01-3,C1=CC=C(C=C1)P(C2=CC=CC=C2)C3=CC=CC=C3.C1=CC=C(C=C1)P(C2=CC=CC=C2)C3=CC=CC=C3.C1=CC=C(C=C1)P(C2=CC=CC=C2)C3=CC=CC=C3.C1=CC=C(C=C1)P(C2=CC=CC=C2)C3=CC=CC=C3.[Pd]
14235-81-5,C#CC1=CC=C(N)C=C1
14264-16-5,[Cl-][Ni+2]([Cl-])([P](C=1C=CC=CC1)(C=2C=CC=CC2)C=3C=CC=CC3)[P](C=4C=CC=CC4)(C=5C=CC=CC5)C=6C=CC=CC6
14283-07-9,[Li+].[F-][B+3]([F-])([F-])[F-]
14316-06-4,Cl.O=C(OC)C(N)C
14369-81-4,CCOC(=O)C=C=C
14371-10-9,O=CC=CC=1C=CC=CC1
14457-87-5,Br[Ce](Br)Br
14533-84-7,C1(=C(C(=C(C(=C1F)F)F)F)F)OC(=O)C(F)(F)F
14592-56-4,[Cl-][Pd+2]([Cl-])([N]#CC)[N]#CC
14630-40-1,C(#C[Si](C)(C)C)[Si](C)(C)C
14647-23-5,[Cl-][Ni+2]1([Cl-])[P](C=2C=CC=CC2)(C=3C=CC=CC3)CC[P]1(C=4C=CC=CC4)C=5C=CC=CC5
14687-15-1,CC1C(C(C(C(O1)OC)O)O)O
14692-29-6,C(=O)(C)O[Sr]OC(=O)C
14694-95-2,[Cl-][Rh+]([P](C=1C=CC=CC1)(C=2C=CC=CC2)C=3C=CC=CC3)([P](C=4C=CC=CC4)(C=5C=CC=CC5)C=6C=CC=CC6)[P](C=7C=CC=CC7)(C=8C=CC=CC8)C=9C=CC=CC9
14742-36-0,C1(=C(C(=C(C(=C1F)F)F)F)O)C(=O)O
14781-45-4,FC(F)(F)C1=O[Cu+2]2(O=C([CH-]1)C(F)(F)F)O=C([CH-]C(=O2)C(F)(F)F)C(F)(F)F
14805-29-9,C1CC2CC1C3C2C(=O)NC3=O
14862-52-3,C1=C(C=C(C=C1Br)Br)Cl
14898-67-0,O.Cl[Ru](Cl)Cl
14907-27-8,Cl.O=C(OC)C(N)CC1=CNC=2C=CC=CC21
14917-55-6,OC1C(O)C(OC)OC(C)C1O
14965-49-2,I.NC
15015-57-3,C1=CC(=CC=C1O)SSC2=CC=C(C=C2)O
15028-39-4,COC(=O)C(C1=CC=CC=C1)N.Cl
15098-69-8,O=C(OC(C)(C)C)NCCCCC(NC(=O)OC(C)(C)C)C(=O)O.N(C1CCCCC1)C2CCCCC2
15100-75-1,Cl.O=C(OC(C)(C)C)C(N)CC=1C=CC=CC1
15114-43-9,C1(=O)NC(=O)N(C(=O)N1Br)Br
15164-44-0,C1=CC(=CC=C1C=O)I
15206-55-0,O=C(OC)C(=O)C=1C=CC=CC1
15238-00-3,[Co+2].[I-].[I-]
15244-36-7,O.[O-]S(=O)(=O)[O-].[Mn+2]
15260-10-3,O=C(OC(C)(C)C)NC(C(=O)O)C(OCC=1C=CC=CC1)C
15432-56-1,CC(C)C(=O)[O-].CC(C)C(=O)[O-].[Cu+2]
15442-91-8,C1=C(C(=CC(=C1CBr)CBr)CBr)CBr
15475-27-1,C1=CC=C(C=C1)[P-]C2=CC=CC=C2.[K+]
15486-96-1,O=C(Cl)CCBr
15572-56-2,Cl.NC(C)C
15629-92-2,[Cl-][Ni+2]1([Cl-])[P](C=2C=CC=CC2)(C=3C=CC=CC3)CCC[P]1(C=4C=CC=CC4)C=5C=CC=CC5
15656-28-7,[B-](F)(F)(F)F.C1=CC=NC=C1.C1=CC=NC=C1.[IH2+]
15663-27-1,[Cl-][Pt+2]([Cl-])([NH3])[NH3]
15684-35-2,[B-](F)(F)(F)F.[B-](F)(F)(F)F.O.O.O.O.O.O.[Co+2]
15684-36-3,[Ni+2].[F-][B+3]([F-])([F-])[F-].O
15687-27-1,O=C(O)C(C1=CC=C(C=C1)CC(C)C)C
15761-38-3,O=C(OC(C)(C)C)NC(C(=O)O)C
15761-39-4,O=C(OC(C)(C)C)N1CCCC1C(=O)O
15854-87-2,C1=CN=CC=C1I
15956-28-2,O1=C([O-][Rh+2]234O=C([O-][Rh+2]14(O=C([O-]2)C)[O-]C(=O3)C)C)C
15996-76-6,C1=CC(=CC=C1CN)C#N.Cl
16029-98-4,I[Si](C)(C)C
16096-32-5,C=1C=C2NC=CC2=C(C1)C
16115-80-3,Cl.O=C(OC)C(N)C(=O)OC
16212-06-9,C1=CC=C(C=C1)C=CS(=O)(=O)C2=CC=CC=C2
16225-26-6,O=C(O)C=1C=C(C=C(C1)C(C)(C)C)C(C)(C)C
16382-15-3,CCOC(=O)C1=CC2=C(N1)C=CC(=C2)C
16419-60-6,OB(O)C=1C=CC=CC1C
16420-13-6,S=C(Cl)N(C)C
16433-88-8,C1C2=C(C=CC(=C2)Br)C3=C1C=C(C=C3)Br
16475-90-4,O=C(OC)C1=CC(=CC=C1O)C(=O)C
16583-06-5,C1=C(C(=C(C(=C1F)F)F)F)C=O
16588-74-2,O=C=NC=1C=C(C=C(C1)C(F)(F)F)C(F)(F)F
16635-95-3,NC(C=1C=CC=CC1)C(N)C=2C=CC=CC2
16652-71-4,Cl.O=C(OCC=1C=CC=CC1)C2NCCC2
16674-78-5,CC(=O)[O-].CC(=O)[O-].O.O.O.O.[Mg+2]
16732-69-7,CCOC(=O)C1=CC2=C(N1)C(=CC=C2)Br
16732-70-0,CCOC(=O)C1=CC2=C(N1)C=CC(=C2)Br
16732-73-3,COC1=CC2=C(C=C1)C=C(N2)C(=O)O
16733-97-4,[Li+].C1C=CC=[C-]1
16774-21-3,O=N(=O)[O-][Ce+4]([O-]N(=O)=O)([O-]N(=O)=O)([O-]N(=O)=O)([O-]N(=O)=O)[O-]N(=O)=O.[NH4+]
16789-84-7,C1=C(C=C(C(=C1C=O)O)Br)[N+](=O)[O-]
16853-85-3,[Li+].[H-][Al+3]([H-])([H-])[H-]
16872-11-0,[H+].[F-][B+3]([F-])([F-])[F-]
16874-12-7,O=C(OC(C)(C)C)C(N)CC1=CC=C(O)C=C1
16940-66-2,[Na+].[H-][B+3]([H-])([H-])[H-]
16948-16-6,CC(C(=O)O)N(C)C(=O)OC(C)(C)C
16949-15-8,[Li+].[H-][B+3]([H-])([H-])[H-]
17016-83-0,CC(C)C1COC(=O)N1
17084-13-8,[K+].[F-][P+5]([F-])([F-])([F-])([F-])[F-]
17194-00-2,[OH-].[OH-].[Ba+2]
17199-29-0,O=C(O)C(O)C=1C=CC=CC1
17261-28-8,O=C(O)C=1C=CC=CC1P(C=2C=CC=CC2)C=3C=CC=CC3
17273-79-9,C1=CC=C2C=C(C=CC2=C1)C(=O)[O-].[Na+]
17341-93-4,O=C(Cl)OCC(Cl)(Cl)Cl
17372-87-1,C1=CC=C(C(=C1)C2=C3C=C(C(=O)C(=C3OC4=C(C(=C(C=C24)Br)[O-])Br)Br)Br)C(=O)[O-].[Na+].[Na+]
17422-32-1,ClC=1C=CC=2NC=CC2C1
17422-33-2,ClC=1C=CC=2C=CNC2C1
17455-13-9,O1CCOCCOCCOCCOCCOCC1
17630-76-1,O=C1NC2=CC=C(Cl)C=C2C1=O
17754-90-4,O=CC1=CC=C(C=C1O)N(CC)CC
17928-28-8,O([Si](O[Si](C)(C)C)(O[Si](C)(C)C)C)[Si](C)(C)C
17933-03-8,OB(O)C1=CC=CC(=C1)C
18039-42-4,N1=NNC(=N1)C=2C=CC=CC2
18107-18-1,[N-]=[N+]=C[Si](C)(C)C
18113-18-3,COC1=CC(=C(C=C1)OC)O
18162-48-6,Cl[Si](C)(C)C(C)(C)C
18172-67-3,C=C1CCC2CC1C2(C)C
18179-39-0,O=C(OC)C1=CC=C(I)C=C1O
18315-84-9,CC(=CC1=CC=CC=C1)[N+](=O)[O-]
18323-96-1,FC(F)(F)C(F)(F)C(F)(F)C1=O[Yb+3]23(O=C([CH-]C(=O2)C(C)(C)C)C(F)(F)C(F)(F)C(F)(F)F)(O=C([CH-]C(=O3)C(C)(C)C)C(F)(F)C(F)(F)C(F)(F)F)O=C([CH-]1)C(C)(C)C
18523-47-2,[N-]=[N+]=NCCC(=O)O
18523-48-3,[N-]=[N+]=NCC(=O)O
18531-94-7,OC=1C=CC=2C=CC=CC2C1C3=C(O)C=CC=4C=CC=CC43
18531-95-8,C1=CC=C2C(=C1)C=CC(=C2C3=C(C=CC4=CC=CC=C43)N)N
18531-99-2,OC=1C=CC=2C=CC=CC2C1C3=C(O)C=CC=4C=CC=CC43
18594-05-3,O=C(C1=CC=C(C=C1)C2CCCCC2)C
18598-74-8,Cl.O=C(OC)C(N)C(C)CC
18618-55-8,O.O.O.O.O.O.O.[Cl-].[Cl-].[Cl-].[Ce+3]
18711-13-2,O=C1NC=2C(Cl)=CC=C(Cl)C2C1=O
18741-85-0,C1=CC=C2C(=C1)C=CC(=C2C3=C(C=CC4=CC=CC=C43)N)N
18835-59-1,C1=C(C=C(C(=C1I)O)I)CC(C(=O)O)N.O.O
18942-49-9,O=C(OC(C)(C)C)NC(C(=O)O)CC=1C=CC=CC1
18997-19-8,O=C(OCCl)C(C)(C)C
19005-93-7,C1=CC=C2C(=C1)C=C(N2)C=O
19012-03-4,O=CC1=CN(C=2C=CC=CC12)C
19172-47-5,S=P1(SP(=S)(S1)C2=CC=C(OC)C=C2)C3=CC=C(OC)C=C3
19438-61-0,O=C1OC(=O)C2=CC(=CC=C12)C
19444-84-9,O=C1OCCC1O
19455-23-3,CC(C)(C)C(=O)[O-].[K+]
19460-86-7,CNC(CC1=CC=CC=C1)C(=O)OC.Cl
19481-79-9,CC(C)(C#N)I
19501-58-7,Cl.O(C1=CC=C(C=C1)NN)C
19525-87-2,COC(=O)C(COCC1=CC=CC=C1)N.Cl
19552-10-4,C1=CC(=CC=C1CS)Br
19654-19-4,BrC1=CC=C(C=C1)C2=NC=3C=CC=CC3S2
19798-80-2,ClC=1C=CN=C(N)C1
19798-81-3,BrC=1N=C(N)C=CC1
19842-76-3,C1=C(C(=C(C(=C1F)F)C=O)F)F
19883-41-1,Cl.O=C(OC)C(N)C=1C=CC=CC1
20039-37-6,C1=CC=NC=C1.C1=CC=NC=C1.O[Cr](=O)(=O)O[Cr](=O)(=O)O
20265-96-7,Cl.ClC1=CC=C(N)C=C1
20427-58-1,[OH-].[OH-].[Zn+2]
20439-47-8,NC1CCCCC1N
20511-12-0,IC1=CN=C(N)C=C1
20667-12-3,[Ag]O[Ag]
20734-58-1,C=1C=C2C=CC=C(C2=C(C1)N(C)C)N(C)C
20780-72-7,C1=CC2=C(C(=C1)Br)C(=O)C(=O)N2
20780-74-9,O=C1NC=2C(Br)=CC=CC2C1=O
20780-76-1,O=C1NC2=CC=C(I)C=C2C1=O
20830-75-5,O=C1OCC(=C1)C2CCC3(O)C4CCC5CC(OC6OC(C)C(OC7OC(C)C(OC8OC(C)C(O)C(O)C8)C(O)C7)C(O)C6)CCC5(C)C4CC(O)C23C
20859-02-3,O=C(O)C(N)C(C)(C)C
20919-42-0,C1=CC=C2C(=C1)C(=O)N(C2=O)I
20989-17-7,OCC(N)C=1C=CC=CC1
21041-93-0,[OH-].[OH-].[Co+2]
21524-34-5,CC(C)C1=CC(=C(C(=C1)C(C)C)Br)C(C)C
21535-97-7,O1C=C(C=2C=CC=CC12)C
21563-29-1,C1=CC2=C3C(=C1)C(=O)OC(=O)C3=C(C=C2)Br
21615-34-9,O=C(Cl)C=1C=CC=CC1OC
21679-31-2,O1=C([CH-]C(=O[Cr+3]123(O=C([CH-]C(=O2)C)C)O=C([CH-]C(=O3)C)C)C)C
21679-46-9,O1=C([CH-]C(=O[Co+3]123(O=C([CH-]C(=O2)C)C)O=C([CH-]C(=O3)C)C)C)C
21717-96-4,C1=CC(=NC=C1F)N
21791-94-6,CC1(C2CCC1(C(=O)C2)CS(=O)(=O)[O-])C.[Na+]
21901-40-6,CC1=CC(=NC=C1[N+](=O)[O-])N
21947-98-8,O=C(OC(C)(C)C)NC(C(=O)O)CSC(C=1C=CC=CC1)(C=2C=CC=CC2)C=3C=CC=CC3
22002-45-5,BrC1=CC(=CC=C1OC)C
22112-78-3,COC1=CC=C(C=C1)C2=C3C=CC(=C(C4=NC(=C(C5=CC=C(N5)C(=C6C=CC2=N6)C7=CC=C(C=C7)OC)C8=CC=C(C=C8)OC)C=C4)C9=CC=C(C=C9)OC)N3
22118-09-8,O=C(Cl)CBr
22204-53-1,O=C(O)C(C1=CC=C2C=C(OC)C=CC2=C1)C
22245-83-6,C1=CNC(=O)C(=C1)C(F)(F)F
22306-37-2,CC(=O)[O-].CC(=O)[O-].CC(=O)[O-].[Bi+3]
22353-34-0,ClC1=CN=CC(N)=C1
22483-09-6,O(C)C(OC)CN
22560-16-3,[Li+].[H-][B+3]([CH2-]C)([CH2-]C)[CH2-]C
22717-57-3,O=C(OC)C1=CC(=CC=C1O)C
22720-75-8,O=C(C=1SC=2C=CC=CC2C1)C
22838-58-0,CC(C)C(C(=O)O)NC(=O)OC(C)(C)C
22839-47-0,O=C(O)CC(N)C(=O)NC(C(=O)OC)CC=1C=CC=CC1
22839-61-8,O=C(O)C(N)CC(=O)NC(C(=O)OC)CC=1C=CC=CC1
22921-68-2,O=C(O)C1=CC(OC)=CC=C1Br
22927-13-5,CCC1=CC=CC=C1C=O
23147-58-2,OC1OCC(O)OC1
23150-65-4,Cl.O=C(OC)CCC(N)C(=O)OC
23190-16-1,C1=CC=C(C=C1)C(C(C2=CC=CC=C2)O)N
23356-96-9,OCC1NCCC1
23680-31-1,O=C(OC(C)(C)C)NC(C(=O)O)COCC=1C=CC=CC1
24057-28-1,O=S(=O)(O)C1=CC=C(C=C1)C.N=1C=CC=CC1
24388-23-6,B1(OC(C(O1)(C)C)(C)C)C2=CC=CC=C2
24424-99-5,O=C(OC(=O)OC(C)(C)C)OC(C)(C)C
24463-19-2,ClCC=1C=2C=CC=CC2C=C3C=CC=CC31
24544-04-5,NC=1C(=CC=CC1C(C)C)C(C)C
24596-19-8,BrC=1C=C(C(N)=C(C1)C)C
24680-50-0,O=CC=CC1=CC=C(OC)C=C1
24850-33-7,CCCC[Sn](CCCC)(CCCC)CC=C
24964-64-5,N#CC1=CC=CC(C=O)=C1
25260-60-0,O=C(OCC=CCOC(=O)C)C
25322-68-3,
25561-30-2,FC(F)(F)C(=N[Si](C)(C)C)O[Si](C)(C)C
25662-28-6,COC(=O)C1=CCCC1
25895-60-7,[Na+].[H-][B+3]([H-])([H-])[C-]#N
25952-53-8,Cl.C(=NCC)=NCCCN(C)C
26042-64-8,[Ag+].[F-][Sb+5]([F-])([F-])([F-])([F-])[F-]
26299-14-9,[H+].O=[Cr](=O)(=O)[Cl-].N=1C=CC=CC1
26304-51-8,CCOC(=O)C1=C(C2=CC=CC=C2N1)C
26386-88-9,[N-]=[N+]=NP(=O)(OC=1C=CC=CC1)OC=2C=CC=CC2
26412-87-3,O=S(=O)=O.N=1C=CC=CC1
26471-62-5,
26628-22-8,[N-]=[N+]=[N-].[Na+]
27126-76-7,O=S(=O)(OI(O)C=1C=CC=CC1)C2=CC=C(C=C2)C
27298-98-2,NC(C1=CC=C(C=C1)C)C
27489-33-4,CS(=O)(=O)C1=CC=CC=C1O
27532-96-3,Cl.O=C(OC(C)(C)C)CN
27607-77-8,O=S(=O)(O[Si](C)(C)C)C(F)(F)F
27684-84-0,C1=CC(=C(C=C1Br)O)[N+](=O)[O-]
28281-76-7,O=C1OC(=O)C2=CC(OC)=CC=C12
28314-80-9,O=C(O)C=1C(F)=CC(F)=CC1F
28868-76-0,O=C(OC)C(Cl)C(=O)OC
28920-43-6,O=C(Cl)OCC1C=2C=CC=CC2C=3C=CC=CC31
29022-11-5,O=C(OCC1C=2C=CC=CC2C=3C=CC=CC31)NCC(=O)O
29085-13-0,C[N+](=CSC)C.[I-]
29576-14-5,BrCC=CC
29601-98-7,C1=CC=C(C=C1)CNO.Cl
29841-69-8,NC(C=1C=CC=CC1)C(N)C=2C=CC=CC2
29883-15-6,N#CC(OC1OC(COC2OC(CO)C(O)C(O)C2O)C(O)C(O)C1O)C=3C=CC=CC3
30516-87-1,[N-]=[N+]=NC1CC(OC1CO)N2C=C(C(=O)NC2=O)C
30525-89-4,O=C
30897-86-0,CC1=C[C-]=C(C=C1)C.[Mg+2].[Br-]
30964-00-2,C#CCCCCC(=O)O
31126-95-1,C(=O)(C(F)(F)F)O.C(=O)(C(F)(F)F)O.C(=O)(C(F)(F)F)O.C(=O)(C(F)(F)F)O.[Rh].[Rh]
31282-04-9,OCC1OC(OC2C(O)C(N)CC(NC)C2O)C3OC4(OC3C1O)OC(C(O)C(O)C4O)C(N)CO
32005-36-0,C1=CC=C(C=C1)C=CC(=O)C=CC2=CC=CC=C2.C1=CC=C(C=C1)C=CC(=O)C=CC2=CC=CC=C2.[Pd]
32213-95-9,Cl.O=C(OC)CC(N)C(=O)OC
32248-43-4,I[Sm]I
32315-10-9,O=C(OC(Cl)(Cl)Cl)OC(Cl)(Cl)Cl
32503-27-8,O=S(=O)([O-])O.CCCC[N+](CCCC)(CCCC)CCCC
32644-15-8,O=C(O)C(Br)C
33100-27-5,O1CCOCCOCCOCCOCC1
33252-63-0,C1=CC(=O)NC=C1C(F)(F)F
33305-75-8,Cl.O=C(OCC)C1NCCC1
33421-40-8,N1=CC(=CC=C1N)C2=CC=CC=C2
33454-82-9,[Li+].C(F)(F)(F)S(=O)(=O)[O-]
33685-54-0,ClC(Cl)C(Cl)Cl
34202-69-2,O=C(C(F)(F)F)C(F)(F)F.O
34306-42-8,O=C(OC(C)(C)C)NC(C(=O)O)CC
34312-77-1,C1=CSC(=C1)C=C[N+](=O)[O-]
34941-91-8,FC=1C=CN=C(Cl)C1
34946-82-2,C(F)(F)(F)S(=O)(=O)O.[Cu]
35103-79-8,[OH-].[Cs+]
35132-20-8,NC(C=1C=CC=CC1)C(N)C=2C=CC=CC2
35193-64-7,O=P1(O)OC=2C=CC=3C=CC=CC3C2C4=C(O1)C=CC=5C=CC=CC54
35661-39-3,O=C(OCC1C=2C=CC=CC2C=3C=CC=CC31)NC(C(=O)O)C
35661-40-6,O=C(OCC1C=2C=CC=CC2C=3C=CC=CC31)NC(C(=O)O)CC=4C=CC=CC4
35895-70-6,O=S(=O)([O-])C(F)(F)F.CCCC[N+](CCCC)(CCCC)CCCC
36854-57-6,O=C(Cl)C(C=1C=CC=CC1)CC
36936-27-3,CC1=CC(=NC=C1Cl)N
37222-66-5,OS(=O)(=O)[O-].OS(=O)(=O)O[O-].OS(=O)(=O)O[O-].[O-]S(=O)(=O)[O-].[K+].[K+].[K+].[K+].[K+]
37517-81-0,O=C(Cl)CC(=O)OC
37553-65-4,CC(C)(C)OC(=O)N(C)C(CC1=CC=CC=C1)C(=O)O
37595-74-7,O=S(=O)(N(C=1C=CC=CC1)S(=O)(=O)C(F)(F)F)C(F)(F)F
37598-27-9,CC(=O)O.[Ir]
37942-07-7,O=CC=1C=C(C=C(C1O)C(C)(C)C)C(C)(C)C
38004-59-0,C1=C(C=C(C=C1S)S)S
38183-12-9,O=C1OC2(OC=C(C=3C=CC=CC3)C2=O)C=4C=CC=CC14
38465-60-0,[Cu+2].[F-][B+3]([F-])([F-])[F-]
38580-86-8,CC(C)C1=CC(=C(C(=C1)C(C)C)CCl)C(C)C
38661-72-2,O=C=NCC1CCCC(CN=C=O)C1
38707-70-9,C1=CC2=C(C(=C1)C=O)N=CC=C2
38721-52-7,[Li+].[H-][B+3]([CH-](C)CC)([CH-](C)CC)[CH-](C)CC
38862-25-8,O=C(ON1C(=O)CCC1=O)C(=C)C
38932-80-8,Br[Br-]Br.CCCC[N+](CCCC)(CCCC)CCCC
39416-48-3,Br[BrH]Br.N=1C=CC=CC1
39620-04-7,C1=CC(=C(N=C1)N)Cl
39716-58-0,O=C(Cl)CCC=C
39755-95-8,O=C1NC2=CC=C(OC)C=C2C1=O
39968-33-7,ON1N=NC=2C=CC=NC21
40018-26-6,OC1SCC(O)SC1
40138-16-7,B(C1=CC=CC=C1C=O)(O)O
40180-80-1,CC1=C(C=C(C=C1)C(=O)C)Br
40216-83-9,Cl.O=C(OC)C1NCC(O)C1
40263-57-8,IC1=NC=CC=C1O
40371-51-5,C(CN)C(C(=O)O)O
40393-99-5,CC1=CC(=C(C(=C1)C)CN)C
40918-51-2,Cl.O=C(OCC)C(N)CCC
40949-94-8,C[Si](C)(C)[N-][Si](C)(C)C.[K+]
41825-73-4,BrC=1C=C(C=C(C1N)C)C
42075-32-1,CC(CC(C)O)O
42152-46-5,C1=CC=CC=C1.C(F)(F)(F)S(=O)(=O)[O-].C(F)(F)(F)S(=O)(=O)[O-].[Cu+].[Cu+]
42196-31-6,C(=O)(C(F)(F)F)[O-].C(=O)(C(F)(F)F)[O-].[Pd+2]
42890-76-6,OCCC(O)CO
47375-34-8,CC(C)(C)OC1=CC=C(C=C1)CC(C(=O)O)NC(=O)OC(C)(C)C
50501-07-0,CCOC(=O)C1CC2=CC=CC=C2N1
50650-59-4,O=C1C=C(C=CN1)C(F)(F)F
50850-93-6,O=C(OCC)C=1C=CC=2N=C(SC2C1)N
50978-45-5,C1=CC=C2C(=C1)C(=O)N(S2(=O)=O)C=O
51044-13-4,C1=CC=C(C=C1)[P+](CC2=CC=C(C=C2)Br)(C3=CC=CC=C3)C4=CC=CC=C4.[Br-]
51076-95-0,ClCC(OCC)(OCC)OCC
51146-56-6,O=C(O)C(C1=CC=C(C=C1)CC(C)C)C
51364-51-3,C1=CC=C(C=C1)C=CC(=O)C=CC2=CC=CC=C2.C1=CC=C(C=C1)C=CC(=O)C=CC2=CC=CC=C2.C1=CC=C(C=C1)C=CC(=O)C=CC2=CC=CC=C2.[Pd].[Pd]
51429-74-4,[H+].O=[Mo+4]1234[O-2][Mo+4]567(=O)[O-2][Mo+4]89(=O)([O-2]1)[O-2][Mo+4]%10%11%12(=O)[O-2][Mo+4]%13%14(=O)([O-2]2)[O-2][Mo+4]%15%16(=O)([O-2]3)[O-2][Mo+4]%17%18(=O)([O-2]5)[O-2][Mo+4]%19%20(=O)([O-2]6)[O-2][Mo+4]%21(=O)([O-2]8)([O-2]%10)[O-2][Mo+4]%22%23(=O)([O-2]%19)[O-2][Mo+4]%24(=O)([O-2]%15)([O-2]%17)[O-2][Mo+4](=O)([O-2]%13)([O-2]%11)([O-2]%22)[O-]%14%12P(=O479)([O-]%16%18%24)[O-]%20%21%23.O
51527-73-2,C1=C(C=C(C(=C1Cl)S(=O)(=O)Cl)Cl)Cl
51537-21-4,CC(C)(C)OCC(C(=O)OC(C)(C)C)N.Cl
51805-45-9,C(CP(CCC(=O)O)CCC(=O)O)C(=O)O.Cl
51863-60-6,O=C(C=1C=C(O)C=C(O)C1)C
52093-28-4,C(F)(F)(F)S(=O)(=O)[O-].C(F)(F)(F)S(=O)(=O)[O-].C(F)(F)(F)S(=O)(=O)[O-].[Sm+3]
52130-17-3,O=C(O)C=1C=CC=C(N)C1C
52178-50-4,COC(=O)C1=CC=CC(=C1)C=O
52340-78-0,OC(C=1C=CC=CC1)C(O)C=2C=CC=CC2
52351-75-4,COC1=CC2=C(C=C1)C(=O)C(=O)N2
52462-29-0,[Cl-][Ru+2]123456([Cl-][Ru+2]789%10%11([Cl-])([Cl-]1)[CH]=%12[CH]%11=C%10(C(C)C)[CH]9=[CH]8C%127C)[CH]=%13[CH]6=C5(C(C)C)[CH]4=[CH]3C%132C
52509-14-5,[Br-].O1CCOC1C[P+](C=2C=CC=CC2)(C=3C=CC=CC3)C=4C=CC=CC4
52522-40-4,C1=CC=C(C=C1)C=CC(=O)C=CC2=CC=CC=C2.C1=CC=C(C=C1)C=CC(=O)C=CC2=CC=CC=C2.C1=CC=C(C=C1)C=CC(=O)C=CC2=CC=CC=C2.C(Cl)(Cl)Cl.[Pd].[Pd]
53072-18-7,FC=1C=C(C(F)=C(F)C1F)CO
53293-00-8,O=C(O)CCCC#C
53857-57-1,C1=CC2=C(C=C1Br)C=NN2
53924-05-3,ClC1=CC=CC=2C=CNC12
54258-41-2,C1=CC2=CC(=C3C=CC=NC3=C2N=C1)N
54678-23-8,[Br-][Cu+][S](C)C
54761-04-5,C(F)(F)(F)S(=O)(=O)[O-].C(F)(F)(F)S(=O)(=O)[O-].C(F)(F)(F)S(=O)(=O)[O-].[Yb+3]
55120-75-7,C(F)(F)(F)S(=O)(=O)[O-].C(F)(F)(F)S(=O)(=O)[O-].[Ca+2]
55844-94-5,
56553-60-7,[Na+].[H-][B+3]([O-]C(=O)C)([O-]C(=O)C)[O-]C(=O)C
56602-33-6,[F-][P+5]([F-])([F-])([F-])([F-])[F-].N1=NN(O[P+](N(C)C)(N(C)C)N(C)C)C=2C=CC=CC12
56613-80-0,OCC(N)C=1C=CC=CC1
56990-02-4,O=CC=1C=C(Br)C=C(Br)C1
57260-71-6,O=C(OC(C)(C)C)N1CCNCC1
57260-73-8,O=C(OC(C)(C)C)NCCN
57381-51-8,N#CC1=CC=C(Cl)C=C1F
58164-61-7,C(F)(F)(F)S(=O)(=O)[O-].C(F)(F)(F)S(=O)(=O)[O-].[Co+2]
58452-28-1,CC#N.CC#N.CC#N.CC#N.C(F)(F)(F)S(=O)(=O)[O-].[Cu+]
58520-04-0,COC1=CC=C(C=C1)C(C(C2=CC=C(C=C2)OC)N)N
59531-86-1,Cl.O=C(OC(C)(C)C)C(N)C
59936-29-7,CC(C)(C)OC(=O)N1CCCC1C(=O)OC
60871-83-2,C(F)(F)(F)S(=O)(=O)[O-].C(F)(F)(F)S(=O)(=O)[O-].[Mg+2]
60871-84-3,C(F)(F)(F)S(=O)(=O)[O-].C(F)(F)(F)S(=O)(=O)[O-].[Ni+2]
61790-53-2,
62668-02-4,C1=CC=C(C=C1)C=CC(C2=CC=CC=C2)O
62965-35-9,O=C(OC(C)(C)C)NC(C(=O)O)C(C)(C)C
63126-47-6,O(C)CC1NCCC1
63149-33-7,O=CC=1C=C2C3=C(C1O)CCCN3CCC2
63231-69-6,
63503-60-6,B(C1=CC(=CC=C1)Cl)(O)O
64443-05-6,[F-][P+5]([F-])([F-])([F-])([F-])[F-].C(#[N][Cu+]([N]#CC)([N]#CC)[N]#CC)C
65355-00-2,C1CCC2=C(C1)C=CC(=C2C3=C(C=CC4=C3CCCC4)O)O
65355-14-8,C1CCC2=C(C1)C=CC(=C2C3=C(C=CC4=C3CCCC4)O)O
66003-76-7,O=S(=O)([O-])C(F)(F)F.[I+](C=1C=CC=CC1)C=2C=CC=CC2
66131-14-4,CC1(OC(=O)C(C(=O)O1)(Br)Br)C
67713-23-9,C1=CC(=C(C(=C1)Br)C=O)Br
68014-21-1,CC(C)(C)OC(=O)N=P(C1=CC=CC=C1)(C2=CC=CC=C2)C3=CC=CC=C3
68083-14-7,
68641-49-6,O=C1OCCN1P(=O)(Cl)N2C(=O)OCC2
68855-54-9,
68858-20-8,O=C(OCC1C=2C=CC=CC2C=3C=CC=CC31)NC(C(=O)O)C(C)C
69011-20-7,
69320-88-3,CC(C(=O)OC(C)(C)C)N.Cl
69320-89-4,CCC(C)C(C(=O)OC(C)(C)C)N.Cl
69620-20-8,CCCCCCCCCCC(CCCCCCCC)CBr
70197-13-6,[CH3-].O=[Re](=O)=O
70955-01-0,
71643-66-8,ClC1=CC=C(O)C(I)=C1
71989-38-3,O=C(OCC1C=2C=CC=CC2C=3C=CC=CC31)NC(C(=O)O)CC4=CC=C(OC(C)(C)C)C=C4
72259-10-0,[B-](F)(F)(F)F.[B-](F)(F)(F)F.O.O.O.O.O.O.[Cu+2]
72287-26-4,[Cl-][Pd+2]1([Cl-])[P](C=2C=CC=CC2)(C=3C=CC=CC3)[C-]45[CH]6=[CH]7[CH]8=[CH]4[Fe+2]789%10%11%1265[CH]=%13[CH]%12=[CH]%11[C-]%10([CH]%139)[P]1(C=%14C=CC=CC%14)C=%15C=CC=CC%15
72824-04-5,B1(OC(C(O1)(C)C)(C)C)CC=C
72914-19-3,CC(C)(C)C1=CC(=NC=C1)C2=NC=CC(=C2)C(C)(C)C
73183-34-3,O1B(OC(C)(C)C1(C)C)B2OC(C)(C)C(O2)(C)C
74311-56-1,[Fe].[CH]1[CH][CH][C]([CH]1)P(c2ccccc2)c3ccccc3.C[C@H]([C]4[CH][CH][CH][C]4P(c5ccccc5)c6ccccc6)N(C)C
74784-70-6,C1=CC(=NC=C1C(F)(F)F)N
75804-28-3,CC(C)(C(C)(C)N)N.Cl.Cl
76179-40-3,FC=1C=C(N)C(N)=CC1F
76189-55-4,C=1C=CC(=CC1)P(C=2C=CC=CC2)C3=CC=C4C=CC=CC4=C3C=5C=6C=CC=CC6C=CC5P(C=7C=CC=CC7)C=8C=CC=CC8
76189-56-5,C=1C=CC(=CC1)P(C=2C=CC=CC2)C3=CC=C4C=CC=CC4=C3C=5C=6C=CC=CC6C=CC5P(C=7C=CC=CC7)C=8C=CC=CC8
77287-58-2,COC1=CC(=C(C=C1)I)C=O
78489-65-3,CCOC(=O)C(C1=CC=CC=C1)I
78725-47-0,O=CC1=CC=C(OC2=CC=C(OC)C=C2)C=C1
78948-87-5,[H+].O=C([O-])C=1C=CC=CC1C=2O[O-][Mg+2]3(O2)O=C(O[O-]3)C=4C=CC=CC4C(=O)[O-]
79060-88-1,[B-](C1=CC(=CC(=C1)C(F)(F)F)C(F)(F)F)(C2=CC(=CC(=C2)C(F)(F)F)C(F)(F)F)(C3=CC(=CC(=C3)C(F)(F)F)C(F)(F)F)C4=CC(=CC(=C4)C(F)(F)F)C(F)(F)F.[Na+]
79839-49-9,C1=CC(=C(C(=C1)C=O)Br)C=O
80522-42-5,CC(C)[Si](C(C)C)(C(C)C)OS(=O)(=O)C(F)(F)F
80822-15-7,O=C(OC(C(=O)O)C(OC(=O)C=1C=CC=CC1)C(=O)O)C=2C=CC=CC2.O
81290-20-2,FC(F)(F)[Si](C)(C)C
81927-55-1,ClC(Cl)(Cl)C(=N)OCC=1C=CC=CC1
82113-65-3,O=S(=O)(NS(=O)(=O)C(F)(F)F)C(F)(F)F
82121-05-9,COC1=CC2=C(C=C1)C(=O)C=CN2
84030-20-6,N1=C2N(C)CCCN2CCC1
84249-14-9,C1=CN=C(C=C1Br)N
84501-28-0,CC(C)(C)C1=CC(=C(C(=C1)C=O)O)C=O
84665-66-7,[H+].O=C([O-])C=1C=CC=CC1C=2O[O-][Mg+2]3(O2)O=C(O[O-]3)C=4C=CC=CC4C(=O)[O-].O
84680-95-5,CC(C)(C)P(C1=CC=C[CH-]1)C(C)(C)C.CC(C)(C)P(C1=CC=C[CH-]1)C(C)(C)C.[Fe+2]
85118-33-8,Cl.O=C1NOC2=C1CCNC2
85199-06-0,B(C1=C(C=CC(=C1)C)C)(O)O
86340-94-5,C1=CC=C2C(=C1)C(=O)N(S2(=O)=O)I
87120-72-7,O=C(OC(C)(C)C)N1CCC(N)CC1
87199-16-4,O=CC1=CC=CC(=C1)B(O)O
87199-17-5,O=CC1=CC=C(C=C1)B(O)O
87199-18-6,OB(O)C=1C=CC=C(O)C1
87413-09-0,O=C1OI(OC(=O)C)(OC(=O)C)(OC(=O)C)C=2C=CC=CC12
87553-74-0,CC(C)(C)OC(=O)C(CC1=CC=C(C=C1)O)N
88189-03-1,C(F)(F)(F)S(=O)(=O)[O-].C(F)(F)(F)S(=O)(=O)[O-].C(F)(F)(F)S(=O)(=O)[O-].[Bi+3]
89238-99-3,COC1=CC=C(C=C1)COC(=N)C(Cl)(Cl)Cl
89797-68-2,N1=NNC(=N1)SCC
90719-32-7,O=C1OCC(N1)CC=2C=CC=CC2
91914-06-6,OC1=NC=C(C=C1)C
92954-90-0,C1=CC=C2C(=C1)C(C3=CC=CC=C32)COC(=O)NC(CC4=CC=C(C=C4)O)C(=O)O
94651-33-9,C1=CC=C(C(=C1)C=O)OC(F)(F)F
94790-37-1,O=N1=N[N+](C=2C=CC=CC21)=C(N(C)C)N(C)C.[F-][P+5]([F-])([F-])([F-])([F-])[F-]
95010-17-6,B1(OB(OB(O1)C=C)C=C)C=C.C1=CC=NC=C1
97914-59-5,C1=CC=C(C(=C1)C(=O)O)OC(F)F
98027-84-0,C1=C(C=C(N=C1Cl)Cl)I
98327-87-8,C=1C=CC(=CC1)P(C=2C=CC=CC2)C3=CC=C4C=CC=CC4=C3C=5C=6C=CC=CC6C=CC5P(C=7C=CC=CC7)C=8C=CC=CC8
99395-88-7,O=C1OCC(N1)C=2C=CC=CC2
99627-05-1,FC=1C=C(O)C=C(F)C1F
100622-34-2,B(C1=C2C=CC=CC2=CC3=CC=CC=C13)(O)O
102490-05-1,C1=CC=C(C=C1)C2=CC3=CC=CC=C3C(=C2O)C4=C(C(=CC5=CC=CC=C54)C6=CC=CC=C6)O
102684-91-3,C1=CC(=C(C=C1C(F)(F)F)C=O)Br
103068-20-8,C1=CC=C(C=C1)C2=CC(=CC(=C2)Br)C3=CC=CC=C3
104830-06-0,C1=CC(=C(N=C1)N)I
104944-18-5,CC(C)C(C(=O)OC(C)(C)C)N.Cl
107091-89-4,O=S(=O)([O-])C1=CC=C(C=C1)C.S1C=2C=CC=CC2N(C1=CC3=CC=[N+](C=4C=CC=CC34)C)C
107798-98-1,C1=CC=C(C=C1)C(C2=CC=CN2)C3=CC=CN3
107819-90-9,CC(C)(C)OC(=O)NC(=NC(=O)OC(C)(C)C)SC
108321-42-2,O=S(=O)(O)O.OC(C)C1OC(OC2C(O)C(OC3OCC(O)(C)C(NC)C3O)C(N)CC2N)C(N)C(O)C1O
112022-81-8,O1B(N2CCCC2C1(C=3C=CC=CC3)C=4C=CC=CC4)C
112068-01-6,OC(C=1C=CC=CC1)(C=2C=CC=CC2)C3NCCC3
115186-37-3,O=C(OC(C)(C)C)N1CCCC1C(=O)N(OC)C
115491-93-5,C=CCOC(=O)OC(=O)OCC=C
118949-61-4,N1=C(C=CC=C1C2=NC(CO2)C(C)C)C3=NC(CO3)C(C)C
121219-12-3,B(C1=CC=C(C=C1)CCCCC)(O)O
121602-93-5,O=C(O)C1=CC(F)=C(F)C(F)=C1
122536-76-9,CC(C)(C)OC(=O)NC1CCNC1
122536-77-0,O=C(OC(C)(C)C)NC1CNCC1
123333-88-0,C(=O)(C(F)(F)F)O.C(=O)(C(F)(F)F)O.O.[Cu]
123334-20-3,O=[V+2][O-]S(=O)(=O)[O-].O
123577-99-1,CC(=O)C1=CC(=CC(=C1)F)F
128008-30-0,C(F)(F)(F)S(=O)(=O)[O-].C(F)(F)(F)S(=O)(=O)[O-].C(F)(F)(F)S(=O)(=O)[O-].[In+3]
128249-70-7,C1C(N=C(O1)C2=NC(=CC=C2)C3=NC(CO3)C4=CC=CC=C4)C5=CC=CC=C5
129365-93-1,C1=C(C(=CC(=C1N)N)C#N)C#N
131274-22-1,[B-](F)(F)(F)F.CC(C)(C)[PH+](C(C)(C)C)C(C)(C)C
131457-46-0,CC(C)(C1=NC(CO1)C2=CC=CC=C2)C3=NC(CO3)C4=CC=CC=C4
131864-67-0,CC(C)C1COC(=N1)C2=NC(=CC=C2)C3=NC(CO3)C(C)C
132228-87-6,[H+].[Cl-]
132388-68-2,CC(C)(C)OC(=O)NC(CC(=O)NC(C1=CC=CC=C1)(C2=CC=CC=C2)C3=CC=CC=C3)C(=O)O
133745-75-2,O=S(=O)(C=1C=CC=CC1)N(F)S(=O)(=O)C=2C=CC=CC2
135616-40-9,OC1=C(C=NC2CCCCC2N=CC=3C=C(C=C(C3O)C(C)(C)C)C(C)(C)C)C=C(C=C1C(C)(C)C)C(C)(C)C
135884-31-0,B(C1=CC=CN1C(=O)OC(C)(C)C)(O)O
136705-64-1,C=1C=CC(=C(C1)P2C(CC)CCC2CC)P3C(CC)CCC3CC
137076-22-3,CC(C)(C)OC(=O)N1CCC(CC1)C=O
138517-61-0,O=C(NC1CCCCC1NC(=O)C=2C=CC=CC2P(C=3C=CC=CC3)C=4C=CC=CC4)C=5C=CC=CC5P(C=6C=CC=CC6)C=7C=CC=CC7
139139-81-4,C1=CC(=CC=C1Br)[I+]C2=CC=C(C=C2)Br.C(F)(F)(F)S(=O)(=O)[O-]
139139-86-9,C1CCC2=C(C1)C=CC(=C2C3=C(C=CC4=C3CCCC4)P(C5=CC=CC=C5)C6=CC=CC=C6)P(C7=CC=CC=C7)C8=CC=CC=C8
140681-55-6,F[N+]12CC[N+](CCl)(CC1)CC2.[F-][B+3]([F-])([F-])[F-]
141362-77-8,CC(C)(C1=NC(CO1)CC2=CC=CC=C2)C3=NC(CO3)CC4=CC=CC=C4
144026-79-9,C(F)(F)(F)S(=O)(=O)O.[Sc]
144222-22-0,CC(C)(C)OC(=O)N1CCC(CC1)CN
145022-44-2,O=S(=O)([O-])C(F)(F)F.C1=C[N+](=CN1C)CC
148893-10-1,O=N1=N[N+](C=2C=CC=NC21)=C(N(C)C)N(C)C.[F-][P+5]([F-])([F-])([F-])([F-])[F-]
149104-90-5,O=C(C1=CC=C(C=C1)B(O)O)C
151013-23-9,C(=O)(C(F)(F)F)O.C(=O)(C(F)(F)F)O.O.O.O.O.[Ni]
153130-59-7,CCC1CN2CCC1CC2C(C3=C4C=C(C=CC4=NC=C3)OC)OC5=NN=C(C6=CC=CC=C65)OC(C7CC8CCN7CC8CC)C9=C1C=C(C=CC1=NC=C9)OC.[CH-]=N.[CH-]=N.[CH-]=N.[CH-]=N.[CH-]=N.[CH-]=N.C(=O)O[O-].[K].[K].[K+].[K][K].[Fe+6]
153766-81-5,[B-](C1=CC=CC=C1)(F)(F)F.[K+]
154549-38-9,B(C1=C(C=C(C=C1C(C)C)C(C)C)C(C)C)(O)O
154975-39-0,CC(C)(C)C1=CC=C(C=C1)S(=O)(=O)N2CCCC2C(=O)O.CC(C)(C)C1=CC=C(C=C1)S(=O)(=O)N2CCCC2C(=O)O.CC(C)(C)C1=CC=C(C=C1)S(=O)(=O)N2CCCC2C(=O)O.CC(C)(C)C1=CC=C(C=C1)S(=O)(=O)N2CCCC2C(=O)O.[Rh].[Rh]
158923-11-6,P(C1CCCCC1)(C2CCCCC2)[C-]34[CH]5=[CH]6[CH]7=C3(C(P(C(C)(C)C)C(C)(C)C)C)[Fe+2]89%10%116754[CH]=%12[CH]%11=[CH]%10[CH-]9[CH]%128
161265-03-8,O1C=2C(=CC=CC2C(C=3C=CC=C(C13)P(C=4C=CC=CC4)C=5C=CC=CC5)(C)C)P(C=6C=CC=CC6)C=7C=CC=CC7
161879-12-5,CC(C)(C)OC(=O)C(C1=CC=CC=C1)N.Cl
163444-17-5,C1=CC(=C(C=C1C(F)(F)F)I)N
163894-16-4,[O-]S(=O)Cl
163931-61-1,CCCC[N+](CCCC)(CCCC)CCCC.C1=CC=C(C=C1)[Si-](C2=CC=CC=C2)(C3=CC=CC=C3)(F)F
166330-10-5,O(C=1C=CC=CC1P(C=2C=CC=CC2)C=3C=CC=CC3)C=4C=CC=CC4P(C=5C=CC=CC5)C=6C=CC=CC6
169037-23-4,C1=CC2=C(C=C1OC(F)(F)F)C(=O)C(=O)N2
170141-63-6,CC(=O)C1=CC(=CC=C1)OC(F)(F)F
171408-77-8,C1=CC=C2C(=C1)C3=C(C24C5=C(C=CC(=C5)Br)C6=C4C=C(C=C6)Br)C=C(C=C3)Br
172222-30-9,[Ru+4]([Cl-])([Cl-])(=[C-2]C1C=CC=CC=1)(P(C1CCCCC1)(C1CCCCC1)C1CCCCC1)P(C1CCCCC1)(C1CCCCC1)C1CCCCC1
173035-10-4,CC1=CC(=C(C(=C1)C)N2CC[N+](=C2)C3=C(C=C(C=C3C)C)C)C.[Cl-]
174500-74-4,CC1CCCN1.Cl
179559-35-4,CC(C)(C)OCC(C(=O)OC(C)(C)C)N.Cl
180695-79-8,CC(C)(C)OC(=O)N1CCC(CC1)Br
182683-62-1,B(C1=C(C(=C(C(=C1F)F)F)F)F)(C2=C(C(=C(C(=C2F)F)F)F)F)C3=C(C(=C(C(=C3F)F)F)F)F.O.O.O
184719-80-0,CC(C)(C)OC(=O)C1CCCN1.Cl
185449-80-3,CN(C)P1OC2=C(C3=CC=CC=C3C=C2)C4=C(O1)C=CC5=CC=CC=C54
191162-39-7,B(C1=CC2=CC=CC=C2N=C1)(O)O
191171-55-8,O1B(OC(C)(C)C1(C)C)C=2C=CC=CC2N
201611-85-0,CC(C)(C#N)SC(=S)C1=CC=CC=C1
203515-86-0,Cl.O=C(NCC(O)CO)C1=CC(N)=CC(=C1)C(=O)NCC(O)CO
207115-22-8,C1=CC(=C(C=C1Br)I)O
207121-39-9,[B-](F)(F)(F)F.[B-](F)(F)(F)F.[Cu+2]
207801-31-8,C(=O)(C(F)(F)F)[O-].C(=O)(C(F)(F)F)[O-].O.[Zn+2]
210169-54-3,C1OC2=C(O1)C(=C(C=C2)P(C3=CC=CC=C3)C4=CC=CC=C4)C5=C(C=CC6=C5OCO6)P(C7=CC=CC=C7)C8=CC=CC=C8
220227-37-2,C1=C(C=C(C(=C1F)F)F)CO
246047-72-3,[Cl-][Ru+6]([Cl-])(=[CH-2]C=1C=CC=CC1)(=[C-2]2N(C=3C(=CC(=CC3C)C)C)CCN2C=4C(=CC(=CC4C)C)C)[P](C5CCCCC5)(C6CCCCC6)C7CCCCC7
250220-36-1,[Cl-][Ru+4]([Cl-])(=[C-2]1C=C(C=2C=CC=CC2)C=3C=CC=CC31)([P](C4CCCCC4)(C5CCCCC5)C6CCCCC6)[P](C7CCCCC7)(C8CCCCC8)C9CCCCC9
256478-95-2,CC(C)(C)OC(=O)C(C1=CC=CC=C1)N.Cl
300364-84-5,CC(=CC1=CC=C(C=C1)C(C)(C)C)C=C(C#N)C#N
308080-99-1,[O-][Si](=O)[O-].[O-][Si](=O)[O-].[Na+].[Al+3]
313342-24-4,C1=CC=C(C=C1)C(C(C2=CC=CC=C2)NS(=O)(=O)C3=C(C(=C(C(=C3F)F)F)F)F)N
330562-44-2,C(C(OC(C(OC(C(OC(CO)(F)F)(F)F)(F)F)(F)F)(F)F)(F)F)O
361342-52-1,O=P1(O)OC=2C(=CC=3C=CC=CC3C2C=4C(O1)=C(C=C5C=CC=CC54)C6=C7C=CC=CC7=CC=8C=CC=CC86)C9=C%10C=CC=CC%10=CC=%11C=CC=CC%119
415918-91-1,CC(C1=CC=CC=C1)N(C(C)C2=CC=CC=C2)P3OC4=C(C5=CC=CC=C5C=C4)C6=C(O3)C=CC7=CC=CC=C76
453565-55-4,C1=C(C=C(C=C1C#N)F)C#N
461642-78-4,O=C(O)C(SC(=S)SCCCCCCCCCCCC)(C)C
510758-28-8,N1=NN(C=C1CN(CC=2N=NN(C2)CC=3C=CC=CC3)CC=4N=NN(C4)CC=5C=CC=CC5)CC=6C=CC=CC6
564483-18-7,C1=CC=C(C(=C1)C2=C(C=C(C=C2C(C)C)C(C)C)C(C)C)P(C3CCCCC3)C4CCCCC4
566940-03-2,CC(C)(C)C1=CC(=CC(=C1OC)C(C)(C)C)P(C2=C(C3=C(C=C2)OCO3)C4=C(C=CC5=C4OCO5)P(C6=CC(=C(C(=C6)C(C)(C)C)OC)C(C)(C)C)C7=CC(=C(C(=C7)C(C)(C)C)OC)C(C)(C)C)C8=CC(=C(C(=C8)C(C)(C)C)OC)C(C)(C)C
620960-26-1,CN(C)C1CCCCC1NC(=S)NC2=CC(=CC(=C2)C(F)(F)F)C(F)(F)F
657408-07-6,O(C1=CC=CC(OC)=C1C2=CC=CC=C2P(C3CCCCC3)C4CCCCC4)C
674783-97-2,CC1=CC(C)=CC(C)=C1C2=C3C(C=CC=C3)=[N+](C)C4=CC=CC=C42.O=Cl(=O)([O-])=O
760989-91-1,B1(OC(C(O1)(C)C)(C)C)C2=CC=C(C=C2)C3=CC=C(C=C3)O
868858-48-4,CC1=CC=C(C=C1)S(=O)[O-].O.O.O.O.[Na+]
878111-17-2,O=P1(O)OC2=C(C=C3C=CC=CC3=C2C4=C(O1)C(=CC=5C=CC=CC54)C=6C=C(C=C(C6)C(F)(F)F)C(F)(F)F)C=7C=C(C=C(C7)C(F)(F)F)C(F)(F)F
885051-07-0,C1C(N=C2N1C3=CC=CC=C3S2)C4=CC=CC=C4
934506-10-2,FC(F)(F)S([N-](S(C(F)(F)F)(=O)=O)[Au+]P(C1CCCCC1)(C2CCCCC2)C3=C(C4=C(C=C(C(C)C)C=C4C(C)C)C(C)C)C=CC=C3)(=O)=O
944401-77-8,C1=CN=C(C=C1F)N
950194-37-3,C1C(N=C2N1C3=CC=CC=C3S2)C4=CC=CC=C4
959979-30-7,CC(C)(C)C(C(=O)N(C)CC1=CC=CC=C1)NC(=S)NC2=CC(=CC(=C2)C(F)(F)F)C(F)(F)F
1026785-12-5,C1=CC=C(C=C1)C(C(C2=CC=CC=C2)NS(=O)(=O)C3=C(C(=C(C(=C3F)F)F)F)F)N
1075198-30-9,CCOC(=O)C(=NOC(=[N+](C)C)N1CCOCC1)C#N.F[P-](F)(F)(F)(F)F
1092775-62-6,FP(F)(F)(F)F.FC1=CC(F)=C(C2=[N]3C=C(C(F)(F)F)C=C2)C([Ir+]345([N]6=C(C7=CC=CC=[N]75)C=CC=C6)[N]8=C(C9=C(F)C=C(F)C=C94)C=CC(C(F)(F)F)=C8)=C1.[F-]
1155843-79-0,C1C2CC3CC1CC(C2)N3O
1334529-08-6,CC1=CC(=C(C(=C1)C)N2C=[N+]3CCCC3=N2)C.[O-]Cl(=O)(=O)=O
1961266-44-3,C1=CC2=C(C=C1F)C3=C([S+]2C(F)(F)F)C=CC(=C3)F.C(F)(F)(F)S(=O)(=O)[O-]
2212016-94-7,C1=CC=C(C=C1)C2=NC(=NC(=N2)OO)C3=CC=CC=C3
